Abbreviation,Name,Formula (charged),Charge,# of protons,std. Gibbs free energy (Kcal/mole) [1],"std. Gibbs free energy (KJ/mole) [1,3]",std. transformed Gibbs free energy (KJ/mole) [2],Unnamed: 8,Unnamed: 9,Unnamed: 10,Unnamed: 11
arg-L,L-Arginine,C6H15N4O2,1.0,15.0,-73.77,-308.65368,302.0261443576176,,pH,7.0,
leu-L,L-Leucine,C6H13NO2,0.0,13.0,-84.87,-355.09608000000003,174.86148370252783,,I,0.25,M
ser-L,L-Serine,C3H7NO3,0.0,7.0,-124.15,-519.4436000000001,-234.08183492940816,,T,298.15,K
ala-L,L-Alanine,C3H7NO2,0.0,7.0,-87.92,-367.85728,-82.4955149294081,,B,1.6,(L/mol)^0.5
gly,Glycine,C2H5NO2,0.0,5.0,-87.73,-367.06232000000006,-163.23248780672012,,R,8.31451,J/(mol*K)
pro-L,L-Proline,C5H9NO2,0.0,9.0,-62.54,-261.66736000000003,105.22633794790386,,,,
thr-L,L-Threonine,C4H9NO3,0.0,9.0,-124.34,-520.23856,-153.34486205209612,,,,
val-L,L-Valine,C5H11NO2,0.0,11.0,-86.49,-361.87416,86.55147082521586,,,,
ile-L,L-Isoleucine,C6H13NO2,0.0,13.0,-84.87,-355.09608000000003,174.86148370252783,,,,
asn-L,L-Asparagine,C4H8N2O3,0.0,8.0,-123.31,-515.92904,-189.8013084907521,,,,
asp-L,L-Aspartate,C4H6NO4,-1.0,6.0,-165.75,-693.498,-449.7118735902864,,,,
cys-L,L-Cysteine,C3H7NO2S,0.0,7.0,-83.394,-348.920496,-63.558730929408114,,,,
gln-L,L-Glutamine,C5H10N2O3,0.0,10.0,-121.69,-509.15096,-101.49129561344012,,,,
glu-L,L-Glutamate,C5H8NO4,-1.0,8.0,-164.13,-686.71992,-361.4018607129744,,,,
his-L,L-Histidine,C6H9N3O2,0.0,9.0,-45.63,-190.91592000000003,175.97777794790386,,,,
lys-L,L-Lysine,C6H15N2O2,1.0,15.0,-84.04,-351.62336000000005,259.0564643576176,,,,
phe-L,L-Phenylalanine,C9H11NO2,0.0,11.0,-51.05,-213.5932,234.83243082521588,,,,
tyr-L,L-Tyrosine,C9H11NO3,0.0,11.0,-90.53,-378.77752000000004,69.64811082521584,,,,
met-L,L-Methionine,C5H11NO2S,0.0,11.0,-75.91,-317.60744,130.81819082521588,,,,
trp-L,L-Tryptophan,C11H12N2O2,0.0,12.0,-25,-104.60000000000001,384.5915972638718,,,,
datp,dATP,C10H12N5O12P3,-4.0,12.0,-634.01,-2652.6978400000003,-2176.460998291684,,,,
dctp,dCTP,C9H12N3O13P3,-4.0,12.0,-721.54,-3018.92336,-2542.6865182916836,,,,
dgtp,dGTP,C10H12N5O13P3,-4.0,12.0,-684.46,-2863.7806400000004,-2387.543798291684,,,,
dttp,dTTP,C10H13N2O14P3,-4.0,13.0,-774.34,-3239.83856,-2722.835751853028,,,,
gtp,GTP,C10H12N5O14P3,-4.0,12.0,-724.3,-3030.4712,-2554.2343582916837,,,,
ctp,CTP,C9H12N3O14P3,-4.0,12.0,-761.38,-3185.6139200000002,-2709.377078291684,,,,
utp,UTP,C9H11N2O15P3,-4.0,11.0,-813.77,-3404.81368,-2969.3428047303396,,,,
atp,ATP,C10H12N5O13P3,-4.0,12.0,-673.85,-2819.3884000000003,-2343.151558291684,,,,
ppi,Diphosphate,HO7P2,-3.0,,-480.93,-2012.2111200000002,-2019.49817,,,,
glycogen,glycogen,C6H10O5,0.0,10.0,NONE,,,,,,
galactan,Galactan (poly-glycogen),C6H10O5,0.0,10.0,NONE,,,,,,
polyacgal,Poly-N-acetylgalactosamine,C8H13NO5,0.0,13.0,NONE,,,,,,
polyglcur,Poly-D-glucuronate,C6H7O6,-1.0,7.0,NONE,,,,,,
dpgpg,"2,3-di-O-phytanyl-sn-glycerol-1-phospho-3'-sn-glycerol",C46H94O8P1,-1.0,94.0,-306.98,-1284.40432,2546.7868530114406,,,,
3hdpgpg,2-O-(3'-hydroxy)phytanyl-3-O-phytanyl-sn-glycerol-1-phospho-3'-sn-glycerol,C46H94O9P1,-1.0,94.0,-346.44,-1449.50496,2381.6862130114405,,,,
dpgpi,"2,3-O-phytanyl-sn-glycero-1-phospho-myo-inositol",C49H98O11P1,-1.0,98.0,-410.76,-1718.61984,2275.6351987660646,,,,
3hdpgpi,2-O-(3'-hydroxyl)phytanyl-3-O-phytanyl-sn-glycero-1-phospho-myo-inositol,C49H98O12P1,-1.0,98.0,-450.22,-1883.7204800000002,2110.534558766064,,,,
dpgpe,"2,3-O-phytanyl-sn-glycero-1-phosphoethanolamine",C45H94O6N1P1,0.0,94.0,-235.31,-984.53704,2847.4638052336627,,,,
3hdpgpe,2-O-(3'-hydroxy)phytanyl-3-O-phytanyl-sn-glycero-l-phosphoethanolamine,C45H94O7N1P1,0.0,94.0,-274.77,-1149.63768,2682.3631652336626,,,,
dpgps,"2,3-O-phytanyl-sn-glycero-1-phosphoserine",C46H93N1O8P1,-1.0,93.0,-314.95,-1317.7508,2472.6744065727844,,,,
3hdpgps,2-O-(3'-hydroxy)phytanyl-3-O-phytanyl-sn-glycero-l-phosphoserine,C46H93N1O9P1,-1.0,93.0,-354.41,-1482.8514400000001,2307.5737665727847,,,,
gdpgpi,glucosaminyl archaetidyl-myo-inositol,C55H110N1O15P1,0.0,110.0,-533.99,-2234.21416,2250.0421482521583,,,,
ptrc,Putrescine,C4H14N2,2.0,14.0,-6.02,-25.18768,542.2971612522949,,,,
hspmd,sym-Homospermidine,C8H24N3,3.0,24.0,6.41,26.81944,997.9155845277436,,,,
accoa,Acetyl-CoA,C23H34N7O17P3S,-4.0,34.0,-785.83,-3287.9127200000003,-1914.8246166412523,,,,
coa,Coenzyme A,C21H32N7O16P3S,-4.0,32.0,-751.994,-3146.342896,-1854.786725518564,,,,
nad,Nicotinamide adenine dinucleotide,C21H26N7O14P2,-1.0,26.0,-529.59,-2215.80456,-1156.6991048171665,,,,
nadh,Nicotinamide adenine dinucleotide - reduced,C21H27N7O14P2,-2.0,27.0,-524.32,-2193.7548800000004,-1096.312475045178,,,,
nadp,Nicotinamide adenine dinucleotide phosphate,C21H25N7O17P3,-3.0,25.0,-742.09,-3104.9045600000004,-2093.042449033601,,,,
nadph,Nicotinamide adenine dinucleotide phosphate - reduced,C21H26N7O17P3,-4.0,26.0,-736.82,-3082.8548800000003,-2035.8945081505,,,,
succoa,Succinyl-CoA,C25H35N7O19P3S,-5.0,35.0,-862.04,-3606.77536,-2200.208340202596,,,,
amp,AMP,C10H12N5O7P,-2.0,12.0,-257.85,-1078.8444000000002,-592.8914916250172,,,,
com,coenzyme m,C2H5O3S2,-1.0,5.0,-121.257,-507.33928800000007,-304.3191280289424,,,,
f420-2,coenzyme ferredoxin 420-2 (oxidized),C29H31N5O18P,-5.0,31.0,-639.42,-2675.33328,-1431.8301259572197,,,,
f420-3,coenzyme ferredoxin 420-3,C34H37N6O21P,-6.0,37.0,-746.4,-3122.9376,-1643.7450417697287,,,,
f420-4,coenzyme ferredoxin 420-4,C39H43N7O24P,-7.0,43.0,-853.38,-3570.54192,-1857.2793020266818,,,,
f420-5,coenzyme ferredoxin 420-5,C44H49N8O27P,-8.0,49.0,-960.36,-4018.14624,-2072.432906728079,,,,
f420-6,coenzyme ferredoxin 420-6,C49H55N9O30P,-9.0,55.0,-1067.34,-4465.7505599999995,-2289.2058558739204,,,,
f420-7,coenzyme ferredoxin 420-7,C54H61N10O33P,-10.0,61.0,-1174.32,-4913.35488,-2507.5981494642074,,,,
h4spt,tetrahydrosarcinapterin,C35H49N7O19P1,-3.0,49.0,-651.02,-2723.86768,-733.6223745058564,,,,
adocblhbi,Adenosylcobalamin-HBI,C70H96CoN18O18P,0.0,96.0,NONE,,,,,,
f430,coenzyme F430,C42H46N6NiO13,-4.0,42.0,NONE,,,,,,
cob,coenzyme b,C11H19N1O7P1S1,-3.0,19.0,-353.814,-1480.357776,-713.0914636655363,,,,
thf,"5,6,7,8-Tetrahydrofolate",C19H22N7O6,-1.0,22.0,-113.77,-476.01368,420.0279094282095,,,,
f390a,coenzyme F390 (adenosine),C39H43N10O24P2,-5.0,43.0,-835.57,-3496.0248800000004,-1763.3301286933483,,,,
f390g,coenzyme F390 (guanosine),C39H42N10O25P2,-6.0,42.0,-886.22,-3707.94448,-2024.9220895764488,,,,
mfr_b,Methanofuran b,C34H44N6O14,-2.0,44.0,-421.75,-1764.602,25.86183441197454,,,,
4abz,4-Aminobenzoate,C7H6NO2,-1.0,6.0,-48.99,-204.97416,38.811966409713676,,,,
4hphac,4-Hydroxyphenylacetate,C8H7O3,-1.0,7.0,-89.36,-373.88224,-89.33014715163034,,,,
ac,Acetate,C2H3O2,-1.0,3.0,-88.29,-369.40536000000003,-247.9171329062543,,,,
actn-R,(R)-Acetoin,C4H8O2,0.0,8.0,-72.12,-301.75008,24.37765150924787,,,,
alac-S,(S)-2-Acetolactate,C5H7O4,-1.0,7.0,-153.18,-640.90512,-356.3530271516304,,,,
ala-L,L-Alanine,C3H7NO2,0.0,7.0,-87.92,-367.85728,-82.4955149294081,,,,
btn,Biotin,C10H15N2O3S,-1.0,15.0,-109.02,-456.13968,154.54014435761763,,,,
ca2,Calcium,Ca,2.0,0.0,NONE,,,,,,
cbi,Cobinamide,C48H72CoN11O8,0.0,72.0,NONE,,,,,,
cbl1,Cob(I)alamin,C62H88CoN13O14P,-1.0,88.0,NONE,,,,,,
cbl1hbi,Cob(I)alamin-HBI,C60H84CoN13O15P,-1.0,84.0,NONE,,,,,,
cd2,Cadmium,Cd,2.0,0.0,NONE,,,,,,
ch4s,Methanethiol,CH4S,0.0,4.0,-4.394,-18.384496000000002,144.67936975462393,,,,
ch4,methane,CH4,0.0,4.0,-8.2051,-34.3301384,128.73372735462394,,,,
cit,Citrate,C6H5O7,-3.0,5.0,-280.44,-1173.36096,-976.81817780672,,,,
cl,Chloride,Cl,-1.0,0.0,NONE,,,,,,
co2,CO2,CO2,0.0,0.0,-92.26,-386.01584,-386.01584,,,,
co,Carbon monoxide,CO,0.0,0.0,-28.6568,-119.90005120000001,-119.90005120000001,,,,
cobalt2,Co2+,Co,2.0,0.0,NONE,,,,,,
cu2,Cu2+,Cu,2.0,0.0,NONE,,,,,,
cys-L,L-Cysteine,C3H7NO2S,0.0,7.0,-83.394,-348.920496,-63.558730929408114,,,,
dma,dimethylamine,C2H8N,1.0,8.0,-1.35,-5.6484000000000005,319.6696592870257,,,,
dms,Dimethyl sulfide,C2H6S,0.0,6.0,1.47,6.15048,250.7462786319359,,,,
etha,Ethanolamine,C2H8NO,1.0,8.0,-44.51,-186.22984,139.08821928702568,,,,
fe2,Fe2+,Fe,2.0,0.0,-18.85,-78.86840000000001,-82.1070888888889,,,,
fe3,Fe3+,Fe,3.0,0.0,-1.1,-4.6024,-11.88945,,,,
fol,Folate,C19H17N7O6,-2.0,17.0,-107.8,-451.03520000000003,238.74754056826282,,,,
for,Formate,CH1O2,-1.0,1.0,-83.9,-351.03760000000005,-311.0813057835663,,,,
gcald,Glycolaldehyde,C2H4O2,0.0,4.0,-70.28,-294.05152000000004,-130.9876542453761,,,,
glcn,D-Gluconate,C6H11O7,-1.0,11.0,-268.66,-1124.0734400000001,-676.4574813970064,,,,
glu-L,L-Glutamate,C5H8NO4,-1.0,8.0,-164.13,-686.71992,-361.4018607129744,,,,
gly,Glycine,C2H5NO2,0.0,5.0,-87.73,-367.06232000000006,-163.23248780672012,,,,
glyb,Glycine betaine,C5H11NO2,0.0,11.0,-31.03,-129.82952,318.5961108252159,,,,
h,H+,H,1.0,1.0,-9.53,-39.87352,0.08277421643376215,,,,
h2,H2,H2,0.0,2.0,4.2065,17.599996,99.13192887731198,,,,
h2o,H2O,H2O,0.0,2.0,-56.687,-237.178408,-155.646475122688,,,,
h2s,Hydrogen sulfide,H2S,0.0,2.0,-6.66,-27.865440000000003,53.66649287731197,,,,
ile-L,L-Isoleucine,C6H13NO2,0.0,13.0,-84.87,-355.09608000000003,174.86148370252783,,,,
ind3ac,Indole-3-acetate,C10H8NO2,-1.0,8.0,-23.83,-99.70472,225.61333928702567,,,,
k,potassium,K,1.0,0.0,NONE,,,,,,
leu-L,L-Leucine,C6H13NO2,0.0,13.0,-84.87,-355.09608000000003,174.86148370252783,,,,
lys-L,L-Lysine,C6H15N2O2,1.0,15.0,-84.04,-351.62336000000005,259.0564643576176,,,,
meoh,Methanol,CH4O1,0.0,4.0,-41.9,-175.3096,-12.245734245376042,,,,
mg2,magnesium,Mg,2.0,0.0,NONE,,,,,,
mma,Methylamine,C1H6N,1.0,6.0,-9.55,-39.95720000000001,203.8289264097137,,,,
mn2,Mn2+,Mn,2.0,0.0,NONE,-228.0,-231.2386888888889,,,,
mobd,Molybdate,MoO4,-2.0,0.0,NONE,,,,,,
n2,nitrogen,N2,0.0,0.0,4.4694,18.699969600000003,18.699969600000003,,,,
na1,Sodium,Na,1.0,0.0,NONE,,,,,,
nac,Nicotinate,C6H4NO2,-1.0,4.0,-36.89,-154.34776000000002,7.9064335324017065,,,,
nh4,Ammonium,H4N,1.0,4.0,NONE,-79.4,82.85419353240172,,,,
ni2,nickel,Ni,2.0,0.0,NONE,,,,,,
pac,Phenylacetic acid,C8H7O2,-1.0,7.0,-49.88,-208.69792,75.85417284836967,,,,
pi,Phosphate,HO4P,-2.0,1.0,-261.974,-1096.099216,-1058.571938450233,,,,
pnto-R,(R)-Pantothenate,C9H16NO5,-1.0,16.0,-188.54,-788.85136,-137.4055692037265,,,,
pro-L,L-Proline,C5H9NO2,-1.0,9.0,-62.54,-261.66736000000003,104.41666572568164,,,,
pyr,Pyruvate,C3H3O3,-1.0,3.0,-112.69,-471.49496,-350.00673290625423,,,,
ribflv,Riboflavin,C17H20N4O6,0.0,20.0,-125.02,-523.08368,292.2356487731198,,,,
so4,Sulfate,O4S,-2.0,0.0,-177.97,-744.62648,-747.8651688888889,,,,
thm,Thiamin,C12H17N4OS,1.0,17.0,52.18,218.32112,910.5328772349295,,,,
tma,trimethylamine,C3H10N,1.0,10.0,4.55,19.0372,425.88719216433765,,,,
trp-L,L-Tryptophan,C11H12N2O2,0.0,12.0,-25,-104.60000000000001,384.5915972638718,,,,
unknown_cbl1deg,unknown degradation product of cbl1 for adocbl-HBI synthesis,C14H16N2O6P1,-1.0,16.0,-289.84,-1212.69056,-561.2447692037264,,,,
unknown_rbfdeg,unknown riboflavin degradation product,C10H14N2O5,0.0,14.0,NONE,,,,,,
val-L,L-Valine,C5H11NO2,0.0,11.0,-86.49,-361.87416,86.55147082521586,,,,
wo4,Tungstenate,WO4,-2.0,0.0,NONE,,,,,,
zn2,Zinc,Zn,2.0,0.0,NONE,,,,,,
hco3,Bicarbonate,CHO3,-1.0,1.0,-140.26,-586.84784,-546.8915457835664,,,,
mcom,methylcoenzyme m,C3O3S2H7,-2.0,7.0,-115.393,-482.80431200000004,-200.681235818297,,,,
dms,Dimethyl sulfide,C2H6S,0.0,6.0,1.47,6.15048,250.7462786319359,,,,
ch4s,Methanethiol,CH4S,0.0,4.0,-4.394,-18.384496000000002,144.67936975462393,,,,
10fthf,10-Formyltetrahydrofolate,C20H22N7O7,-1.0,22.0,-130.27,-545.0496800000001,350.9919094282094,,,,
13dpg,3-Phospho-D-glyceroyl phosphate,C3H4O10P2,-4.0,4.0,-586.8,-2455.1711999999998,-2305.0620898009315,,,,
1pyr4m5c,1-Pyrroline-4-methyl-5-carboxylate,C6H8NO2,-1.0,8.0,-61.26,-256.31184,69.00621928702566,,,,
1pyr5c,1-Pyrroline-5-carboxylate,C5H6NO2,-1.0,6.0,-59.27,-247.98568000000003,-4.199553590286342,,,,
23dhdp,"2,3-Dihydrodipicolinate",C7H6NO4,-1.0,6.0,-133.5,-558.5640000000001,-314.77787359028645,,,,
23dhmb,"(R)-2,3-Dihydroxy-3-methylbutanoate",C5H9O4,-1.0,9.0,-161.2,-674.4608,-308.37677427431834,,,,
23dhmp,"(R)-2,3-Dihydroxy-3-methylpentanoate",C6H11O4,-1.0,11.0,-159.58,-667.6827200000001,-220.06676139700653,,,,
24sf,"2,4-substituted-furan",C6H4O7P,-3.0,4.0,-335.26,-1402.72784,-1246.951024245376,,,,
25aics,(S)-2-[5-Amino-1-(5-phospho-D-ribosyl)imidazole-4-carboxamido]succinate,C13H15N4O12P,-4.0,15.0,-487.65,-2040.3276,-1441.7928589757157,,,,
25dhpp,"2,5-Diamino-6-hydroxy-4-(5'-phosphoribosylamino)-pyrimidine",C9H14N5O8P,-2.0,14.0,-338.54,-1416.4513600000002,-848.9665187477053,,,,
25dthpp,"2,5-diamino-6-ribitylamino-4(3H)-pyrimidinone 5'-phosphate",C9H16N5O8P,-2.0,16.0,-345.94,-1447.41296,-798.3961858703932,,,,
26dap-LL,"LL-2,6-Diaminoheptanedioate",C7H14N2O4,0.0,14.0,-163.68,-684.83712,-114.11358985881623,,,,
26dap-M,"meso-2,6-Diaminoheptanedioate",C7H14N2O4,0.0,14.0,-163.68,-684.83712,-114.11358985881623,,,,
2ahbut,(S)-2-Aceto-2-hydroxybutanoate,C6H9O4,-1.0,9.0,-151.56,-634.1270400000001,-268.04301427431847,,,,
2c25dho,"2-Carboxy-2,5-dihydro-5-oxofuran-2-acetate",C7H4O6,-2.0,4.0,-213.04,-891.35936,-731.5341831342649,,,,
2cpr5p,1-(2-Carboxyphenylamino)-1-deoxy-D-ribulose 5-phosphate,C12H13NO9P,-3.0,13.0,-392.53,-1642.3455199999999,-1119.675006297472,,,,
2dhp,2-Dehydropantoate,C6H9O4,-1.0,9.0,-149.1,-623.8344,-257.75037427431835,,,,
2dr1p,2-Deoxy-D-ribose 1-phosphate,C5H9O7P,-2.0,9.0,-354.28,-1482.3075199999998,-1118.652510940985,,,,
2dr5p,2-Deoxy-D-ribose 5-phosphate,C5H9O7P,-2.0,9.0,-354.28,-1482.3075199999998,-1118.652510940985,,,,
2frald,2-furaldehyde,C6H5O6P,-2.0,5.0,-282.56,-1182.2310400000001,-981.6398966956091,,,,
2h3moa,3-Hydroxy-3-methyl-2-oxobutanoic acid,C5H7O4,-1.0,7.0,-150.72,-630.61248,-346.0603871516304,,,,
2ins,2-Inosose,C6H10O6,0.0,10.0,-213.4,-892.8656000000001,-485.2059356134402,,,,
2ippm,2-Isopropylmaleate,C7H8O4,-2.0,8.0,-143.02,-598.3956800000001,-275.50663737964106,,,,
2mafr,2-methylamine-furan,C6H9NO5P,-1.0,9.0,-255.24,-1067.92416,-701.8401342743183,,,,
2mahmp,2-Methyl-4-amino-5-hydroxymethylpyrimidine diphosphate,C6H8N3O7P2,-3.0,8.0,-412.04,-1723.9753600000001,-1405.134678490752,,,,
2mbcoa,2-Methylbutanoyl-CoA,C26H40N7O17P3S,-4.0,40.0,-782.78,-3275.15152,-1657.4676180093159,,,,
2mbr,2-methylbutyrate,C5H9O2,-1.0,9.0,-83.7,-350.2008,15.883225725681655,,,,
2mop,2-Methyl-3-oxopropanoate,C4H5O3,-1.0,5.0,-112.07,-468.90088,-265.8807200289423,,,,
2obut,2-Oxobutanoate,C4H5O3,-1.0,5.0,-111.07,-464.71688,-261.6967200289423,,,,
2ood,2-oxooctanedioic acid,C8H10O5,-2.0,10.0,-184.04,-770.02336,-365.602384502329,,,,
2pg,D-Glycerate 2-phosphate,C3H4O7P,-3.0,4.0,-371.9,-1556.0296,-1400.252784245376,,,,
2pglyc,2-Phosphoglycolate,C2H2O6P,-3.0,2.0,-335.48,-1403.6483200000002,-1329.4034371226883,,,,
2plac-L,2-phospho-L-lactate,C3H4O6P,-3.0,4.0,-335.67,-1404.4432800000002,-1248.6664642453761,,,,
2ppoh,2-Propanol,C3H8O,0.0,8.0,-43.72,-182.92448,143.2032515092479,,,,
2saa,2-sulfoacetaldehyde,C2H3O4S,-1.0,3.0,-152.533,-638.198072,-516.7098449062544,,,,
2tcc,2-(sulfomethyl)thiazolidine-4-carboxylic acid,C5H8NO5S2,-1.0,8.0,-185.472,-776.014848,-450.6967887129744,,,,
34hpp,3-(4-Hydroxyphenyl)pyruvate,C9H7O4,-1.0,7.0,-115.3,-482.4152,-197.86310715163035,,,,
35cgmp,"3',5'-Cyclic GMP",C10H11N5O7P,-1.0,11.0,-242.32,-1013.86688,-566.2509213970064,,,,
36dahx,"(3S)-3,6-Diaminohexanoate",C6H15N2O2,1.0,15.0,-84.04,-351.62336000000005,259.0564643576176,,,,
3c2hmp,3-Carboxy-2-hydroxy-4-methylpentanoate,C7H10O5,-2.0,10.0,-199.76,-835.79584,-431.374864502329,,,,
3c3hmp,3-Carboxy-3-hydroxy-4-methylpentanoate,C7H10O5,-2.0,10.0,-201.18,-841.7371200000001,-437.3161445023291,,,,
3c4mop,3-Carboxy-4-methyl-2-oxopentanoate,C7H8O5,-2.0,8.0,-189.28,-791.94752,-469.05847737964103,,,,
3dhq,3-Dehydroquinate,C7H9O6,-1.0,9.0,-214.49,-897.4261600000001,-531.3421342743185,,,,
3dhsk,3-Dehydroshikimate,C7H7O5,-1.0,7.0,-166.28,-695.7155200000001,-411.16342715163046,,,,
3hcdgggp,CDP-2-O-(3'-hydroxy)geranyl-3-O-geranyl-sn-glycerol,C52H85N3O14P2,-2.0,85.0,-418.54,-1751.17136,1710.69709839687,,,,
3hdgggp,2-O-(3'-hydroxy)geranyl-3-O-geranyl-sn-glycerol,C43H73O7P1,-2.0,73.0,-139.16,-582.24544,2390.4314211329984,,,,
3hdgggps,2-O-(3'-hydroxy)geranyl-3-O-geranyl-sn-glyceroserine,C46H79N1O9P1,-1.0,79.0,-201.81,-844.3730400000001,2375.328636431601,,,,
3hdggpg,2-O-(3'-hydroxy)geranyl-3-O-geranyl-sn-glycerol-1-phospho-3'-sn-glycerol,C46H80O9P1,-1.0,80.0,-193.84,-811.02656,2449.4410828702567,,,,
3hdggpgp,2-O-(3'-hydroxy)geranyl-3-O-geranyl-sn-glycerol-1-phospho-3'-sn-glycerol phosphate,C46H79O12P2,-3.0,79.0,-406.34,-1700.12656,1513.0977386538232,,,,
3hdggpi,2-O-(3'hydroxy)geranyl-3-O-geranyl-sn-glycero-1-phospho-myo-inositol,C49H84O12P1,-1.0,84.0,-297.62,-1245.24208,2178.2894286248807,,,,
3hfrdp,3-hydroxy-farnesyl diphosphate,C15H27O8P2,-3.0,27.0,-444.26,-1858.78384,-765.3897961562884,,,,
3hggdp,3-hydroxy-geranylgeranyl diphosphate,C20H35O8P2,-3.0,35.0,-416.17,-1741.25528,-321.7335046470405,,,,
3hgrdp,3-hydroxy-geranyl diphsophate,C10H19O8P2,-3.0,19.0,-472.35,-1976.3124000000003,-1209.0460876655366,,,,
3hmp,3-Hydroxy-2-methylpropanoate,C4H7O3,-1.0,7.0,-121.55,-508.5652,-224.01310715163032,,,,
3ig3p,C'-(3-Indolyl)-glycerol 3-phosphate,C11H12NO6P,-2.0,12.0,-267.57,-1119.51288,-633.559971625017,,,,
3mob,3-Methyl-2-oxobutanoate,C5H7O3,-1.0,7.0,-111.26,-465.51184000000006,-180.95974715163038,,,,
3mop,(S)-3-Methyl-2-oxopentanoate,C6H9O3,-1.0,9.0,-109.64,-458.73376,-92.64973427431835,,,,
3ophb,3-Octaprenyl-4-hydroxybenzoate,C47H69O3,-1.0,69.0,128.94,539.48496,3351.5269720450406,,,,
3pg,3-Phospho-D-glycerate,C3H4O7P,-3.0,4.0,-371.9,-1556.0296,-1400.252784245376,,,,
3php,3-Phosphohydroxypyruvate,C3H2O7P,-3.0,2.0,-361.42,-1512.18128,-1437.936397122688,,,,
3psme,5-O-(1-Carboxyvinyl)-3-phosphoshikimate,C10H9O10P,-4.0,9.0,-427.57,-1788.95288,-1435.0139376076518,,,,
3spyr,3-Sulfopyruvate,C3H2O6S,-2.0,2.0,-231.172,-967.223648,-888.9304040115769,,,,
4abut,4-Aminobutanoate,C4H9NO2,0.0,9.0,-84.49,-353.50615999999997,13.387537947903922,,,,
4abutn,4-Aminobutanal,C4H10NO,1.0,10.0,-31.79,-133.00936000000002,273.84063216433765,,,,
4adhq,4-amino-3-dehydroquinic acid,C7H11NO5,0.0,11.0,-179.24,-749.9401600000001,-301.51452917478423,,,,
4adhs,4-amino-3-dehydroshikimate,C7H8NO4,-1.0,8.0,-122.74,-513.54416,-188.22610071297441,,,,
4ahmmp,4-Amino-5-hydroxymethyl-2-methylpyrimidine,C6H10N3O,1.0,10.0,8.66,36.23344,443.08343216433764,,,,
4ampm,4-Amino-2-methyl-5-phosphomethylpyrimidine,C6H8N3O4P,-2.0,8.0,-204.04,-853.70336,-530.8143173796409,,,,
4as,4-aminoshikimate,C7H11NO4,0.0,11.0,-136.04,-569.19136,-120.76572917478416,,,,
4das,"4-amino-3-dehydroxycyclohexa-1,5-diene-1-carboxylate",C7H9NO3,0.0,9.0,-90.46,-378.48464,-11.590942052096125,,,,
4gaepmamfr,4-[N-γ-L-glutamyl-)-p-(β-aminoethyl)phenoxy-methyl]-2-(aminomethyl)furan,C19H26N3O5,1.0,26.0,-100.81,-421.78904,637.3164151828335,,,,
4ggaepmamfr,4-[N-γ-L-glutamyl-γ-L-glutamyl-)-p-(β-aminoethyl)phenoxy-methyl]-2-(aminomethyl)furan,C24H32N4O8,0.0,32.0,-207.79,-869.39336,435.11756603699155,,,,
4gggaepmamfr,4-[N-γ-L-glutamyl-γ-L-glutamyl-γ-L-glutamyl-)-p-(β-aminoethyl)phenoxy-methyl]-2-(aminomethyl)furan,C29H38N5O11,-1.0,38.0,-314.77,-1316.99768,231.29937244670532,,,,
4hba,4-Hydroxy-benzyl alcohol,C7H8O2,0.0,8.0,-47.76,-199.82784,126.29989150924789,,,,
4hbz,4-Hydroxybenzoate,C7H5O3,-1.0,5.0,-92.53,-387.14552000000003,-184.1253600289423,,,,
4mhetz,4-Methyl-5-(2-hydroxyethyl)-thiazole,C6H9NOS,0.0,9.0,-7.11,-29.748240000000003,337.1454579479039,,,,
4mop,4-Methyl-2-oxopentanoate,C6H9O3,-1.0,9.0,-109.64,-458.73376,-92.64973427431835,,,,
4mpetz,4-Methyl-5-(2-phosphoethyl)-thiazole,C6H8NO4PS,-2.0,8.0,-219.61,-918.8482400000001,-595.9591973796412,,,,
4pasp,4-Phospho-L-aspartate,C4H6NO7P,-2.0,6.0,-380.65,-1592.6396,-1351.282490256953,,,,
4ppan,D-4'-Phosphopantothenate,C9H15NO8P,-3.0,15.0,-401.04,-1677.9513600000002,-1073.7489134201603,,,,
4ppcys,N-((R)-4-Phosphopantothenoyl)-L-cysteine,C12H20N2O9PS,-3.0,20.0,-427.284,-1787.7562560000001,-979.7239772268803,,,,
4r5au,4-(1-D-Ribitylamino)-5-aminouracil,C9H16N4O6,0.0,16.0,-189.57,-793.16088,-140.90541698150423,,,,
5aizc,5-amino-1-(5-phospho-D-ribosyl)imidazole-4-carboxylate,C9H11N3O9P,-3.0,11.0,-379.05,-1585.9452,-1144.8066191747841,,,,
5aop,5-Amino-4-oxopentanoate,C5H9NO3,0.0,9.0,-112.89,-472.33176000000003,-105.43806205209614,,,,
5aprbu,5-Amino-6-(5'-phosphoribitylamino)uracil,C9H15N4O9P,-2.0,15.0,-402.07,-1682.26088,-1074.010072309049,,,,
5c5pdriaz,5-Carboxyamino-1-(5-phospho-D-ribosyl)imidazole,C9H11N3O9P,-3.0,11.0,-386.58,-1617.45072,-1176.312139174784,,,,
5caiz,5-phosphoribosyl-5-carboxyaminoimidazole,C9H11N3O9P,-3.0,11.0,-379.05,-1585.9452,-1144.8066191747841,,,,
5hbc_red,5-Hydroxybenzimidazolylcob(I)amide,C60H84CoN13O15P,-1.0,84.0,NONE,,,,,,
5hbc,5-Hydroxybenzimidazolylcob(II)amide,C60H84CoN13O15P,0.0,84.0,NONE,,,,,,
5hbzid,5-hydroxybenzimidazole,C7H6N2O,0.0,6.0,10.64,44.51776,289.1135586319359,,,,
5mcyt,5-Methylcytosine ,C5H7N3O ,0.0,7.0,-9.09,-38.032560000000004,247.3292050705919,,,,
5mdr1p,5-Methylthio-5-deoxy-D-ribose 1-phosphate,C6H11O7PS,-2.0,11.0,-347.5,-1453.94,-1008.753058063673,,,,
5mdru1p,5-Methylthio-5-deoxy-D-ribulose 1-phosphate,C6H11O7PS,-2.0,11.0,-346.88,-1451.34592,-1006.158978063673,,,,
5mta,5-Methylthioadenosine,C11H15N5O3S,0.0,15.0,1.27,5.313680000000001,616.8031765798398,,,,
5mthf,5-Methyltetrahydrofolate,C20H24N7O6,-1.0,24.0,-101.5,-424.67600000000004,552.8975223055213,,,,
5odhf2a,"5-Oxo-4,5-dihydrofuran-2-acetate",C6H5O4,-1.0,5.0,-129.14,-540.3217599999999,-337.3016000289423,,,,
5oxpro,5-Oxoproline,C5H6NO3,-1.0,6.0,-110.12,-460.74208000000004,-216.95595359028636,,,,
5pmev,(R)-5-Phosphomevalonate,C6H10O7P,-3.0,10.0,-370.27,-1549.20968,-1148.83706561344,,,,
5pr5hbz,N1-(5-Phospho-alpha-D-ribosyl)-5-hydroxybenzimidazole,C12H13N2O8P,-2.0,13.0,-326.06,-1364.23504,-837.516165186361,,,,
6hmhpt,6-hydroxymethyl dihydropterin,C7H9N5O2,0.0,9.0,-2.91,-12.175440000000002,354.7182579479039,,,,
6hmhptpp,6-hydroxymethyl-dihydropterin pyrophosphate,C7H8N5O8P2,-3.0,8.0,-423.41,-1771.5474400000003,-1452.7067584907522,,,,
6pthp,"6-Pyruvoyl-5,6,7,8-tetrahydropterin",C9H12N5O3,1.0,12.0,-25.87,-108.24008,380.1418450416496,,,,
7mhp,7-mercaptoheptanoic acid,C7H13O2S,-1.0,13.0,-74.124,-310.134816,219.01307548030564,,,,
7mht,7-mercaptoheptanoylthreonine,C11H20NO4S,-1.0,20.0,-141.314,-591.257776,223.25188055089745,,,,
7ohp,7-oxoheptanoic acid,C7H11O3,-1.0,11.0,-105.4,-440.9936,6.622358602993643,,,,
8aonn,8-Amino-7-oxononanoate,C9H17NO3,0.0,17.0,-108.22,-452.79248,240.2289494571517,,,,
aacald,Aminoacetaldehyde,C2H6NO,1.0,6.0,-35.03,-146.56552000000002,97.22060640971367,,,,
aacoa,Acetoacetyl-CoA,C25H36N7O18P3S,-4.0,36.0,-812.61,-3399.9602400000003,-1945.3402037639403,,,,
acald,Acetaldehyde,C2H4O,0.0,4.0,-33.4,-139.7456,23.31826575462395,,,,
acetol,Acetol,C3H6O2,0.0,6.0,-71.93,-300.95512,-56.359321368064116,,,,
acetone,Acetone,C3H6O,0.0,6.0,-38.52,-161.16768000000002,83.42811863193589,,,,
acg5p,N-Acetyl-L-glutamyl 5-phosphate,C7H9NO8P,-3.0,9.0,-408.63,-1709.70792,-1350.1012720520962,,,,
acg5sa,N-Acetyl-L-glutamate 5-semialdehyde,C7H10NO4,-1.0,10.0,-141.03,-590.06952,-183.2195278356624,,,,
acgam1p,N-Acetyl-D-glucosamine 1-phosphate,C8H14NO9P,-2.0,14.0,-425.13,-1778.7439200000001,-1211.2590787477052,,,,
acglu,N-Acetyl-L-glutamate,C7H9NO5,-2.0,9.0,-193.73,-810.56632,-446.911310940985,,,,
achms,O-Acetyl-L-homoserine,C6H11NO4,0.0,11.0,-159.98,-669.35632,-220.9306891747841,,,,
acmana,N-Acetyl-D-mannosamine,C8H15NO6,0.0,15.0,-212.63,-889.64392,-278.15442342016013,,,,
acnam,N-Acetylneuraminate,C11H18NO9,-1.0,18.0,-326.4,-1365.6576,-632.6798763264144,,,,
acon-T,trans-Aconitate,C6H3O6,-3.0,3.0,-222.28,-930.01952,-815.0086706840322,,,,
aconm,E-3-carboxy-2-pentenedioate 6-methyl ester,C7H6O6,-2.0,6.0,-218.13,-912.65592,-671.298810256953,,,,
acorn,N2-Acetyl-L-ornithine,C7H14N2O3,0.0,14.0,-115.26,-482.24784000000005,88.47569014118375,,,,
acser,O-Acetyl-L-serine,C5H9NO4,0.0,9.0,-161.6,-676.1344,-309.24070205209614,,,,
actp,Acetyl phosphate,C2H3O5P,-2.0,3.0,-301.65,-1262.1036,-1143.0443895729209,,,,
adcobdam,Adenosyl cobyrinate diamide,C55H68CoN11O15,-4.0,68.0,NONE,,,,,,
adcobhex,adenosyl-cobyric acid,C55H76CoN15O11,0.0,76.0,NONE,,,,,,
ade,Adenine,C5H5N5,0.0,5.0,78.85,329.9084,533.7382321932799,,,,
adn,Adenosine,C10H13N5O4,0.0,13.0,-45.35,-189.7444,340.2131637025278,,,,
adocbi,Adenosyl cobinamide,C58H84CoN16O11,1.0,84.0,NONE,,,,,,
adocbip,Adenosyl cobinamide phosphate,C58H83CoN16O14P,-1.0,83.0,NONE,,,,,,
adp,ADP,C10H12N5O10P2,-3.0,12.0,-465.85,-1949.1164,-1467.211852736128,,,,
adprib,ADP-ribose,C15H21N5O14P2,-2.0,21.0,-585.97,-2451.69848,-1598.8518736771134,,,,
aepmamfr,p-(β-aminoethyl)phenoxy-methyl-2-(aminomethyl)furan,C14H20N2O2,2.0,20.0,6.17,25.81528,837.8959198842309,,,,
agdpcbi,Adenosine-GDP-cobinamide,C68H95CoN21O21P2,-1.0,95.0,NONE,,,,,,
agdpgpi,N-Acetyl-D-glucosaminyl archaetidylinositol,C57H111N1O16P1,-1.0,111.0,-563.59,-2358.0605600000004,2166.1520424685923,,,,
agm,Agmatine,C5H16N4,2.0,16.0,5.87,24.560080000000003,673.5768541296069,,,,
ah6p-D,D-arabino-Hex-3-ulose 6-phosphate;,C6H11O9P,-2.0,11.0,-429.92,-1798.78528,-1353.598338063673,,,,
ahcys,S-Adenosyl-L-homocysteine,C14H20N6O5S,0.0,20.0,-76.11,-318.44424000000004,496.8750887731197,,,,
ahdt,"2-Amino-4-hydroxy-6-(erythro-1,2,3-trihydroxypropyl)dihydropteridine triphosphate",C9H13N5O13P3,-3.0,13.0,-704.25,-2946.5820000000003,-2423.9114862974725,,,,
aicar,5-Amino-1-(5-Phospho-D-ribosyl)imidazole-4-carboxamide,C9H13N4O8P,-2.0,13.0,-336.61,-1408.37624,-881.6573651863611,,,,
air,5-amino-1-(5-phospho-D-ribosyl)imidazole,C8H12N3O7P,-2.0,12.0,-297.64,-1245.32576,-759.372851625017,,,,
akg,2-Oxoglutarate,C5H4O5,-2.0,4.0,-188.9,-790.3576,-630.532423134265,,,,
ala-B,beta-Alanine,C3H7NO2,0.0,7.0,-86.11,-360.28424,-74.92247492940811,,,,
alatrna,L-Alanyl-tRNA(Ala),C3H6NOR,1.0,6.0,NONE,,,,,,
amet,S-Adenosyl-L-methionine,C15H23N6O5S,1.0,23.0,-66.63,-278.77992,658.0276358668655,,,,
amob,S-Adenosyl-4-methylthio-2-oxobutanoate,C15H19N5O6S,0.0,19.0,-91.4,-382.41760000000005,392.13576233446366,,,,
anth,Anthranilate,C7H6NO2,-1.0,6.0,-48.99,-204.97416,38.811966409713676,,,,
appl,1-Aminopropan-2-ol,C3H10NO,1.0,10.0,-44.7,-187.02480000000003,219.82519216433764,,,,
applp,D-1-Aminopropan-2-ol O-phosphate,C3H9NO4P,-1.0,9.0,-257.2,-1076.1248,-710.0407742743183,,,,
aps,Adenosine 5'-phosphosulfate,C10H12N5O10PS,-2.0,12.0,-367.85,-1539.0844000000002,-1053.1314916250171,,,,
argsuc,N(omega)-(L-Arginino)succinate,C10H17N4O6,-1.0,17.0,-224.81,-940.60504,-248.39328276507058,,,,
argtrna,L-Arginyl-tRNA(Arg),C6H14N4OR,2.0,14.0,NONE,,,,,,
asntrna_asp,aspartate-tRNA(asn),C4H5NO3R,0.0,5.0,Unassigned,,,,,,
asntrna,asparagine-tRNA(asn),C4H7N2O2R,1.0,7.0,NONE,,,,,,
aspsa,L-Aspartate 4-semialdehyde,C4H7NO3,0.0,7.0,-113.05,-473.0012,-187.63943492940808,,,,
asptrna,L-Aspartyl-tRNA(Asp),C4H5NO3R,0.0,5.0,NONE,,,,,,
athr-L,L-Allo-threonine,C4H9NO3,0.0,9.0,-124.34,-520.23856,-153.34486205209612,,,,
bamppald,beta-Aminopropion aldehyde,C3H8NO,1.0,8.0,-33.41,-139.78744,185.53061928702567,,,,
Brfap,4-(B-D-ribofuranosyl)aminobenzene 5'-phosphate,C11H14NO7P,-2.0,14.0,-316.96,-1326.16064,-758.6757987477051,,,,
btamp,Biotinyl-5'-AMP,C20H27N7O9PS,-1.0,27.0,-313.07,-1309.88488,-210.01345837851068,,,,
btnp-s2,Biotin synthesis protein (charged),Fe2S2R,2.0,,NONE,,,,,,
btnp,Biotin synthesis protein (uncharged),R,0.0,,NONE,,,,,,
camp,cAMP,C10H11N5O6P,-1.0,11.0,-191.87,-802.78408,-355.1681213970064,,,,
caphis,2-(3-Carboxy-3-aminopropyl)-L-histidine,C10H16N4O4,0.0,16.0,-123.42,-516.38928,135.8661830184958,,,,
carb_met,Biomass – carbohydrate component,,0.0,,Unassigned,,,,,,
carn,L-Carnosine,C9H15N4O3,1.0,15.0,-74.39,-311.24776,299.4320643576176,,,,
cbasp,N-Carbamoyl-L-aspartate,C5H6N2O5,-2.0,6.0,-203.96,-853.36864,-612.0115302569529,,,,
cbp,Carbamoyl phosphate,CH2NO5P,-2.0,2.0,-310.26,-1298.12784,-1219.834596011577,,,,
cdgggp,"CDP-2,3-digeranylgeranyl-sn-glycerol",C52H83N3O13P2,-2.0,83.0,-357.28,-1494.85952,1885.477005519558,,,,
cdp,CDP,C9H12N3O11P2,-3.0,12.0,-553.38,-2315.34192,-1833.437372736128,,,,
cgly,Cys-Gly,C5H10N2O3S,0.0,10.0,-113.974,-476.86721600000004,-69.20755161344016,,,,
chor,chorismate,C10H8O6,-2.0,8.0,-169.49,-709.14616,-386.257117379641,,,,
citr-L,L-Citrulline,C6H13N3O3,0.0,13.0,-123.87,-518.2720800000001,11.68548370252779,,,,
citrac,Citraconic acid,C5H4O4,-2.0,4.0,-144.45,-604.3788,-444.55362313426485,,,,
cmaphis,2-[3-Carboxy-3-(methylammonio)propyl]-L-histidine,C11H18N4O4,0.0,18.0,-114.87,-480.61608,253.17131589580777,,,,
cmp,CMP,C9H12N3O8P,-2.0,12.0,-345.38,-1445.0699200000001,-959.1170116250172,,,,
cmpacna,CMP-N-acetylneuraminate,C20H29N4O16P,-2.0,29.0,-610.28,-2553.41152,-1374.4371821678656,,,,
co1dam,"Cob(I)yrinate a,c diamide",C45H56CoN6O12,-5.0,56.0,NONE,,,,,,
co2dam,"Cob(II)yrinate a,c diamide",C45H56CoN6O12,-4.0,56.0,NONE,,,,,,
cobya,Cobyrinate,C45H52CoN4O14,-6.0,52.0,NONE,,,,,,
codhpre6,cobalt-dihydro-precorrin 6,C44H47CoN4O16,-7.0,47.0,NONE,,,,,,
copre2,cobalt-precorrin 2,C42H38N4O16Co,-8.0,38.0,NONE,,,,,,
copre3,cobalt-precorrin 3,C43H40CoN4O16,-8.0,40.0,NONE,,,,,,
copre4,cobalt-precorrin 4,C44H43CoN4O16,-7.0,43.0,NONE,,,,,,
copre5,cobalt-precorrin 5,C45H45CoN4O16,-7.0,45.0,NONE,,,,,,
copre6,cobalt-precorrin 6,C44H44CoN4O16,-8.0,44.0,NONE,,,,,,
copre8,cobalt-precorrin 8,C45H51CoN4O14,-7.0,51.0,NONE,,,,,,
csn,Cytosine,C4H5N3O,0.0,5.0,-8.68,-36.31712,167.51271219327992,,,,
cystrna_pser,O-Phosphoseryl-tRNA(Cys) ,C3H5NO5PR,-1.0,5.0,Unassigned,,,,,,
cystrna,L-Cysteinyl-tRNA(Cys),C3H6NOSR,1.0,6.0,NONE,,,,,,
cytd,Cytidine,C9H13N3O5,0.0,13.0,-132.88,-555.96992,-26.012356297472138,,,,
dad-2,Deoxyadenosine,C10H13N5O3,0.0,13.0,-5.51,-23.05384,506.9037237025279,,,,
dadp,dADP,C10H12N5O9P2,-3.0,12.0,-426.01,-1782.42584,-1300.521292736128,,,,
damp,dAMP,C10H12N5O6P,-2.0,12.0,-218.01,-912.15384,-426.200931625017,,,,
dann,"7,8-Diaminononanoate",C9H21N2O2,1.0,21.0,-80.99,-338.86216,516.4134629895534,,,,
db4p,"3,4-dihydroxy-2-butanone 4-phosphate",C4H7O6P,-2.0,7.0,-320.85,-1342.4364,-1060.313323818297,,,,
dcamp,"N6-(1,2-Dicarboxyethyl)-AMP",C14H14N5O11P,-4.0,14.0,-408.89,-1710.79576,-1153.0269854143717,,,,
dcdp,dCDP,C9H12N3O10P2,-3.0,12.0,-513.54,-2148.65136,-1666.746812736128,,,,
dcmp,dCMP,C9H12N3O7P,-2.0,12.0,-305.54,-1278.3793600000001,-792.4264516250172,,,,
dcyt,Deoxycytidine,C9H13N3O4,0.0,13.0,-93.04,-389.27936000000005,140.6782037025278,,,,
ddcdscl,"12,18-didecarboxyprecorrin-2",C40H43N4O12,-5.0,43.0,NONE,,,,,,
ddhrb,"7,8-didemethyl-8-hydroxy-5-deazariboflavin",C16H16N3O7,-1.0,16.0,-151.29,-632.99736,18.448430796273556,,,,
dgdp,dGDP,C10H12N5O10P2,-3.0,12.0,-476.46,-1993.50864,-1511.6040927361282,,,,
dgggp,digeranylgeranylglyceryl phosphate,C43H71O6P1,-2.0,71.0,-77.9,-325.9336,2565.211328255686,,,,
dgggps,"2,3-di-O-geranylgeranyl-sn-glyceroserine",C46H77N1O8P1,-1.0,77.0,-140.55,-588.0612000000001,2550.1085435542886,,,,
dggpg,"2,3-di-O-geranyl-sn-glycerol-1-phospho-3'-sn-glycerol",C46H78O8P1,-1.0,78.0,-132.58,-554.71472,2624.220989992945,,,,
dggpgp,"2,3-di-O-geranyl-sn-glycerol-1-phospho-3'-sn-glycerol phosphate",C46H77O11P2,-3.0,77.0,-345.08,-1443.81472,1687.877645776511,,,,
dggpi,"2,3-di-O-geranyl-sn-glycero-1-phospho-myo-inositol",C49H82O11P1,-1.0,82.0,-236.36,-988.9302400000001,2353.0693357475684,,,,
dgmp,dGMP,C10H12N5O7P,-2.0,12.0,-268.46,-1123.2366399999999,-637.2837316250169,,,,
dgsn,Deoxyguanosine,C10H13N5O4,0.0,13.0,-55.96,-234.13664,295.82092370252786,,,,
dha,Dihydroxyacetone,C3H6O3,0.0,6.0,-108.16,-452.54144,-207.94564136806412,,,,
dhadr,"7,8-dihydropterin-6-ylmethyl-1-(4-aminophenyl)-1-deoxy-D-ribitol",C18H25N6O5,1.0,25.0,-269.91,-1129.3034400000001,-110.96395125582262,,,,
dhadrdpr,"7,8-dihydropterin-6-ylmethyl-1-(4-aminophenyl)-1-deoxy-5-[1-A-D-ribofuranosyl 5'-diphosphate]-D-ribitol",C23H32N6O15P2,-2.0,32.0,-607.13,-2540.23192,-1238.9596828518977,,,,
dhadrp,"7,8-dihydropterin-6-ylmethyl-1-(4-aminophenyl)-1-deoxy-D-ribitol 5'-phosphate",C18H24N6O8P,-1.0,24.0,-277.31,-1160.26504,-182.69151769447853,,,,
dhadrpr,"7,8-dihydropterin-6-ylmethyl-1-(4-aminophenyl)-1-deoxy-5-[1-A-D-ribofuranosyl 5'-phosphate]-D-ribitol",C23H32N6O12P,-1.0,32.0,-399.13,-1669.95992,-366.2586661852306,,,,
dhadrtpr,"7,8-dihydropterin-6-ylmethyl-1-(4-aminophenyl)-1-deoxy-5-[1-A-D-ribofuranosyl 5'-triphosphate]-D-ribitol",C23H32N6O18P3,-3.0,32.0,-815.13,-3410.50392,-2113.280043963008,,,,
dhap,Dihydroxyacetone phosphate,C3H5O6P,-2.0,5.0,-320.66,-1341.64144,-1141.050296695609,,,,
dhf,"7,8-Dihydrofolate",C19H20N7O6,-1.0,20.0,-108.92,-455.72128000000004,358.7883765508975,,,,
dhlpro,Dihydrolipolprotein,C8H16NOS2R,0.0,16.0,NONE,,,,,,
dhnpt,Dihydroneopterin,C9H14N5O4,1.0,14.0,-75.75,-316.938,252.9758579189616,,,,
dhor-S,(S)-Dihydroorotate,C5H5N2O4,-1.0,5.0,-151.52,-633.95968,-430.9395200289424,,,,
dhp23cp,"7,8-dihydronepterin 2' :3'-cyclicphosphate",C9H12N5O6P,0.0,12.0,-218.03,-912.23752,-423.0459227361282,,,,
dhpmp,Dihydroneopterin monophosphate,C9H13N5O7P,-1.0,13.0,-288.25,-1206.038,-676.8901085196943,,,,
dhpt,Dihydropteroate,C14H14N6O3,0.0,14.0,-1.94,-8.11696,562.6065701411839,,,,
dhrfap,"7,8-dihydropterin-6-ylmethyl-4-(B-D-ribofuranosyl) aminobenzene 5'-phosphate",C18H22N6O8P,-1.0,22.0,-269.91,-1129.3034400000001,-233.26185057179055,,,,
didp,dIDP,C10H11N4O10P2,-3.0,11.0,-481.74,-2015.6001600000002,-1574.4615791747842,,,,
ditp,dITP,C10H11N4O13P3,-4.0,11.0,-689.74,-2885.8721600000003,-2450.40128473034,,,,
dkfp,6-deoxy-5-ketofructose 1-phosphate,C6H9O8P,-2.0,9.0,-385.67,-1613.6432800000002,-1249.9882709409853,,,,
dkmp,6-deoxy-5-ketomannitol 1-phosphate,C6H11O8P,-2.0,11.0,-393.69,-1647.19896,-1202.012018063673,,,,
dmh2mpt,"didemethylated 7,8-dihydromethanopterin",C28H37N6O16P,-2.0,37.0,-537.01,-2246.84984,-741.7477706586174,,,,
dmlz,"6,7-Dimethyl-8-(1-D-ribityl)lumazine",C13H18N4O6,0.0,18.0,-138.92,-581.24128,152.54611589580782,,,,
dmpp,Dimethylallyl diphosphate,C5H9O7P2,-3.0,9.0,-439.18,-1837.5291200000001,-1477.922472052096,,,,
dna_met,Biomass – DNA component,,0.0,,NONE,,,,,,
dnad,Deamino-NAD+,C21H24N6O15P2,-2.0,24.0,-572.03,-2393.37352,-1418.2290143611456,,,,
dohau,"3,7-dideoxy-D-threo-hepto-2-amino-6-ulosonate",C7H13O5N,0.0,13.0,-187.54,-784.66736,-254.70979629747217,,,,
dohdu,"3,7-dideoxy-D-threo-hepto-2,6-diulosonate",C7H9O6,-1.0,9.0,-212.31,-888.3050400000001,-522.2210142743185,,,,
dpcoa,Dephospho-CoA,C21H33N7O13P2S,-2.0,33.0,-539.494,-2257.242896,-915.2046924132417,,,,
drib,Deoxyribose,C5H10O4,0.0,10.0,-141.78,-593.20752,-185.54785561344016,,,,
dscl,dihydrosirohydrochlorin (precorrin 2),C42H41N4O16,-7.0,41.0,NONE,,,,,,
dtbt,Dethiobiotin,C10H17N2O3,-1.0,17.0,-115.31,-482.45704,209.7547172349295,,,,
dtdp,dTDP,C10H13N2O11P2,-3.0,13.0,-566.34,-2369.56656,-1846.8960462974724,,,,
dtdp4d6dg,dTDP-4-dehydro-6-deoxy-D-glucose,C16H22N2O15P2,-2.0,22.0,-680.33,-2846.5007200000005,-1952.8881472384578,,,,
dtdp4d6dm,dTDP-4-dehydro-6-deoxy-L-mannose,C16H22N2O15P2,-2.0,22.0,-680.33,-2846.5007200000005,-1952.8881472384578,,,,
dtdpglu,dTDPglucose,C16H24N2O16P2,-2.0,24.0,-723.12,-3025.5340800000004,-2050.3895743611456,,,,
dtdprmn,dTDP-L-rhamnose,C16H24N2O15P2,-2.0,24.0,-686.89,-2873.94776,-1898.8032543611455,,,,
dtmp,dTMP,C10H13N2O8P,-2.0,13.0,-358.34,-1499.29456,-972.575685186361,,,,
dudp,dUDP,C9H11N2O11P2,-3.0,11.0,-565.93,-2367.85112,-1926.7125391747838,,,,
dump,dUMP,C9H11N2O8P,-2.0,11.0,-357.93,-1497.57912,-1052.392178063673,,,,
duri,Deoxyuridine,C9H12N2O5,0.0,12.0,-145.43,-608.4791200000001,-119.28752273612827,,,,
dutp,dUTP,C9H11N2O14P3,-4.0,11.0,-773.93,-3238.1231199999997,-2802.6522447303396,,,,
dxyl5p,1-deoxy-D-xylulose 5-phosphate,C5H9O7P,-2.0,9.0,-357.27,-1494.8176799999999,-1131.1626709409848,,,,
eig3p,D-erythro-1-(Imidazol-4-yl)glycerol 3-phosphate,C6H9N2O6P,-2.0,9.0,-288.2,-1205.8288,-842.173790940985,,,,
etoh,Ethanol,C2H6O,0.0,6.0,-43.44,-174.17,70.42579863193592,,,,
f1p,D-Fructose 1-phosphate,C6H11O9P,-2.0,11.0,-431.67,-1806.1072800000002,-1360.9203380636732,,,,
f420-0,coenzyme ferredoxin 420-0,C19H19N3O12P,-3.0,19.0,-425.46,-1780.12464,-1012.8583276655362,,,,
f420-1,coenzyme ferredoxin 420-1,C24H25N4O15P,-4.0,25.0,-532.44,-2227.7289600000004,-1221.5345545891562,,,,
f420-2h2,coenzyme ferredoxin 420-2 (reduced),C29H34O18N5P1,-4.0,34.0,-661.18,-2766.37712,-1393.2890166412521,,,,
f430p1,coenzyme 430 precursor 1,C42H43N6NiO14,-5.0,43.0,NONE,,,,,,
f430p2,coenzyme F430 precursor 2,C42H45N6NiO14,-5.0,45.0,NONE,,,,,,
f430p3,coenzyme f430 precursor 3,C42H47N6NiO14,-5.0,47.0,NONE,,,,,,
f6p,D-Fructose 6-phosphate,C6H11O9P,-2.0,11.0,-431.67,-1806.1072800000002,-1360.9203380636732,,,,
fad,Flavin adenine dinucleotide oxidized,C27H31N9O15P2,-2.0,31.0,-529.37,-2214.8840800000003,-954.3778092905538,,,,
fald,Formaldehyde,CH2O,0.0,2.0,-31.2,-130.5408,-49.00886712268802,,,,
fapy,2-amino-5-formylamino-6-ribosylamino-4(3H)-pyrimidinone 5'-monophosphate (FAPy),C10H14N5O9P,-2.0,14.0,-374.78,-1568.07952,-1000.5946787477051,,,,
fc1p,L-Fuculose 1-phosphate,C6H11O8P,-2.0,11.0,-393.69,-1647.19896,-1202.012018063673,,,,
fcd,Flavin cytosine dinucleotide oxidized,C26H31N7O16P2,-2.0,31.0,-616.9,-2581.1096000000002,-1320.6033292905538,,,,
fdox,ferredoxin (oxidized) 2[4Fe-4S],Fe8S8X,3.0,,NONE,,,,,,
fdp,"D-Fructose 1,6-bisphosphate",C6H10O12P2,-4.0,10.0,-644.17,-2695.20728,-2300.5023711689955,,,,
fdred,ferredoxin (reduced) 2[4Fe-4S],Fe8S8X,2.0,,NONE,,,,,,
fgam,N2-Formyl-N1-(5-phospho-D-ribosyl)glycinamide,C8H13N2O9P,-2.0,13.0,-417.4,-1746.4016,-1219.682725186361,,,,
fgd,Flavin guanosine dinucleotide oxidized,C27H31N9O16P2,-2.0,31.0,-579.82,-2425.9668800000004,-1165.460609290554,,,,
fmn,FMN,C17H19N4O9P,-2.0,19.0,-337.52,-1412.1836799999999,-640.869006554425,,,,
formh4spt,formyltetrahydrosarcinapterin,C36H49N7O20P1,-3.0,49.0,-679.8,-2844.2832,-854.0378945058565,,,,
formmfr_b,formylmethanofuran b,C35H44N6O15,-3.0,44.0,Unassigned,,,,,,
fpram,2-(Formamido)-N1-(5-phospho-D-ribosyl)acetamidine,C8H15N3O8P,-1.0,15.0,-381.6,-1596.6144000000002,-985.9345756423825,,,,
fprica,5-Formamido-1-(5-phospho-D-ribosyl)imidazole-4-carboxamide,C10H13N4O9P,-2.0,13.0,-372.85,-1560.0044000000003,-1033.2855251863612,,,,
frdp,Farnesyl diphosphate,C15H25O7P2,-3.0,25.0,-383,-1602.472,-590.6098890336002,,,,
fru,D-Fructose,C6H12O6,0.0,12.0,-219.17,-917.00728,-427.8156827361282,,,,
fum,Fumarate,C4H2O4,-2.0,2.0,-143.7,-601.2407999999999,-522.9475560115768,,,,
g1p,D-Glucose 1-phosphate,C6H11O9P,-2.0,11.0,-430.78,-1802.3835199999999,-1357.1965780636729,,,,
g3p,Glyceraldehyde 3-phosphate,C3H5O6P,-2.0,5.0,-319.2,-1335.5328,-1134.9416566956088,,,,
g6p,D-Glucose 6-phosphate,C6H11O9P,-2.0,11.0,-430.78,-1802.3835199999999,-1357.1965780636729,,,,
gal1p,alpha-D-Galactose 1-phosphate,C6H11O9P,-2.0,11.0,-430.78,-1802.3835199999999,-1357.1965780636729,,,,
gald,Glyceraldehyde,C3H6O3,0.0,6.0,-106.7,-446.43280000000004,-201.83700136806414,,,,
gam1p,D-Glucosamine 1-phosphate,C6H13NO8P,-1.0,13.0,-395.53,-1654.89752,-1125.7496285196944,,,,
gam6p,D-Glucosamine 6-phosphate,C6H13NO8P,-1.0,13.0,-395.53,-1654.89752,-1125.7496285196944,,,,
gar,N1-(5-Phospho-D-ribosyl)glycinamide,C7H14N2O8P,-1.0,14.0,-389.45,-1629.4588,-1059.5449420810385,,,,
gdp,GDP,C10H12N5O11P2,-3.0,12.0,-516.3,-2160.1992,-1678.2946527361282,,,,
gdpddman,GDP-4-dehydro-6-deoxy-D-mannose,C16H21N5O15P2,-2.0,21.0,-630.29,-2637.13336,-1784.2867536771132,,,,
gdpmann,GDP-D-mannose,C16H23N5O16P2,-2.0,23.0,-673.08,-2816.16672,-1881.7881807998015,,,,
ggdp,Geranylgeranyl diphosphate,C20H33O7P2,-3.0,33.0,-354.91,-1484.9434400000002,-146.95359752435252,,,,
gggp,(S)-3-O-geranylgeranylglyceryl phosphate,C23H39O6P1,-2.0,39.0,-203.29,-850.56536,736.0686422186945,,,,
glc-D,D-Glucose,C6H12O6,0.0,12.0,-218.28,-913.2835200000001,-424.09192273612825,,,,
glnam,N-Glycoloyl-neuraminate;,C11H18NO10,-1.0,18.0,-362.63,-1517.2439200000001,-784.2661963264145,,,,
glnamcmp,CMP-N-glycoloylneuraminate;,C20H29N4O17P,-2.0,29.0,-646.51,-2704.99784,-1526.0235021678654,,,,
glntrna,L-Glutaminyl-tRNA,C5H9N2O2R,1.0,9.0,NONE,,,,,,
glu1sa,L-Glutamate 1-semialdehyde,C5H10NO3,1.0,10.0,-111.43,-466.22312000000005,-59.37312783566239,,,,
glu5p,L-Glutamate 5-phosphate,C5H8NO7P,-2.0,8.0,-379.03,-1585.86152,-1262.9724773796408,,,,
glu5sa,L-Glutamate 5-semialdehyde,C5H9NO3,0.0,9.0,-111.43,-466.22312000000005,-99.32942205209616,,,,
glutrna_gln,L-glutaminyl-tRNA(gln),C5H7NO3R,0.0,7.0,Unassigned,,,,,,
glutrna,L-Glutamyl-tRNA(Glu),C5H7NO3R,0.0,7.0,NONE,,,,,,
glx,Glyoxylate,C2H1O3,-1.0,1.0,-111.04,-464.59136000000007,-424.6350657835663,,,,
glyald,D-Glyceraldehyde,C3H6O3,0.0,6.0,-106.7,-446.43280000000004,-201.83700136806414,,,,
glyc-R,(R)-Glycerate,C3H5O4,-1.0,5.0,-159.4,-666.9296,-463.9094400289424,,,,
glyc,Glycerol,C3H8O3,0.0,8.0,-116.18,-486.0971200000001,-159.96938849075218,,,,
glyc1p,Glycerol 1-phosphate,C3H7O6P,-2.0,7.0,-328.68,-1375.19712,-1093.074043818297,,,,
glyclt,Glycolate,C2H3O3,-1.0,3.0,-122.98,-514.54832,-393.06009290625434,,,,
glytrna,Glycyl-tRNA(Gly),C2H4NOR,1.0,4.0,NONE,,,,,,
gmp,GMP,C10H12N5O8P,-2.0,12.0,-308.3,-1289.9272,-803.9742916250171,,,,
grdp,Geranyl diphosphate,C10H17O7P2,-3.0,17.0,-411.09,-1720.00056,-1034.2661805428481,,,,
gsn,Guanosine,C10H13N5O5,0.0,13.0,-95.8,-400.8272,129.13036370252786,,,,
gthox,Oxidized glutathione,C20H30N6O12S2,-2.0,30.0,-434.73,-1818.9103200000002,-599.1700157292094,,,,
gthrd,Reduced glutathione,C10H16N3O6S,-1.0,16.0,-220.954,-924.471536,-273.0257452037265,,,,
gua,Guanine,C5H5N5O,0.0,5.0,28.4,118.8256,322.6554321932799,,,,
h2acon-C,cis-(homo)2aconitate,C8H7O6,-3.0,7.0,-219.04,-916.46336,-638.3886449294081,,,,
h2mpt,"7,8-dihydromethanopterin",C30H41N6O16P,-2.0,41.0,-539.19,-2255.97096,-587.8050249039939,,,,
h2o2,Hydrogen peroxide,H2O2,0.0,2.0,-32.05,-134.0972,-52.56526712268801,,,,
h3acon-C,cis-(homo)3aconitate,C9H9O6,-3.0,9.0,-217.42,-909.68528,-550.0786320520962,,,,
h4mpt,"5,6,7,8-tetrahydromethanopterin",C30H43N6O16P,-2.0,43.0,-544.04,-2276.26336,-526.5654920266816,,,,
hacon-C,cis-homoaconitate,C7H5O6,-3.0,5.0,-220.66,-923.24144,-726.6986578067201,,,,
hacon-T,trans-homoaconitate,C7H5O6,-3.0,5.0,-220.66,-923.24144,-726.6986578067201,,,,
hcarn,Homocarnosine,C10H17N4O3,1.0,17.0,-72.77,-304.46968,387.7420772349295,,,,
hcit,"2-Hydroxybutane-1,2,4-tricarboxylate",C7H7O7,-3.0,7.0,-278.82,-1166.58288,-888.5081649294079,,,,
hcys-L,L-Homocysteine,C4H9NO2S,0.0,9.0,-81.774,-342.142416,24.751281947903863,,,,
he2thpp,2-(alpha-Hydroxyethyl)thiamine diphosphate;,C14H20N4O8P2S,-2.0,20.0,-405.15,-1695.1476,-883.0669601157691,,,,
hepdp,all-trans-Heptaprenyl diphosphate,C35H57O7P2,-3.0,57.0,-270.64,-1132.35776,1184.0152770033912,,,,
hgbam,"Hydrogenobyrinate a,c diamide",C45H59N6O12,-3.0,59.0,NONE,,,,,,
hisp,L-Histidinol phosphate,C6H11N3O4P,-1.0,11.0,-214.91,-899.18344,-451.5674813970064,,,,
histd,L-Histidinol,C6H12N3O,1.0,12.0,-2.41,-10.083440000000001,478.2984850416496,,,,
histrna,L-Histidyl-tRNA(His),C6H8N3OR,1.0,8.0,NONE,,,,,,
hmbil,Hydroxymethylbilane,C40H38N4O17,-8.0,38.0,-479.5,-2006.228,-508.94029755329507,,,,
hmgcoa,Hydroxymethylglutaryl-CoA,C27H39N7O20P3S,-5.0,39.0,-900.07,-3765.8928800000003,-2196.261994447972,,,,
hom-L,L-Homoserine,C4H9NO3,0.0,9.0,-122.53,-512.66552,-145.77182205209613,,,,
hpglu,Tetrahydropteroyltri-L-glutamate,C24H34N8O12,0.0,34.0,-327.73,-1371.22232,14.82053891430337,,,,
hphaccoa,4-Hydroxyphenylacetyl-CoA,C29H38N7O18P3S,-4.0,38.0,-788.44,-3298.83296,-1762.6809908866283,,,,
hpyr,Hydroxypyruvate,C3H3O4,-1.0,3.0,-148.92,-623.08128,-501.59305290625434,,,,
hsfd,heterodisulfide,C13H22N1O10P1S3,-4.0,22.0,-467.892,-1957.660128,-1073.7636219051237,,,,
hxan,Hypoxanthine,C5H4N4O,0.0,4.0,23.12,96.73408,259.7979457546239,,,,
iasp,Iminoaspartate,C4H4NO4,-1.0,4.0,-174.5,-730.1080000000001,-567.8538064675984,,,,
ibcoa,Isobutyryl-CoA,C25H38N7O17P3S,-4.0,38.0,-784.4,-3281.9296,-1745.777630886628,,,,
icit,Isocitrate,C6H5O7,-3.0,5.0,-279.02,-1167.41968,-970.87689780672,,,,
id3acald,Indole-3-acetaldehyde,C10H9NO,0.0,9.0,28.87,120.79208000000001,487.6857779479039,,,,
idp,IDP,C10H11N4O11P2,-3.0,11.0,-521.58,-2182.2907200000004,-1741.1521391747845,,,,
ihcit-T,threo-isohomocitrate,C7H7O7,-3.0,7.0,-277.4,-1160.6416,-882.5668849294079,,,,
iletrna,L-Isoleucyl-tRNA(Ile),C6H12NOR,1.0,12.0,NONE,,,,,,
imacp,3-(Imidazol-4-yl)-2-oxopropyl phosphate,C6H7N2O5P,-2.0,7.0,-242.14,-1013.11376,-730.9906838182969,,,,
imp,IMP,C10H11N4O8P,-2.0,11.0,-313.58,-1312.01872,-866.831778063673,,,,
indaccoa,S-2-(indol-3-yl)acetyl-CoA,C31H39N8O17P3S,-4.0,39.0,-722.91,-3024.65544,-1447.737504447972,,,,
indole,Indole,C8H7N,0.0,7.0,54.41,227.65144,513.0132050705919,,,,
indpyr,Indolepyruvate,C11H8NO3,-1.0,8.0,-49.77,-208.23768,117.08037928702566,,,,
inost,myo-Inositol,C6H12O6,0.0,12.0,-219.96,-920.3126400000001,-431.1210427361283,,,,
ins,Inosine,C10H12N4O5,0.0,12.0,-101.08,-422.91872,66.2728772638718,,,,
ipdp,Isopentenyl diphosphate,C5H9O7P2,-3.0,9.0,-439.84,-1840.29056,-1480.6839120520958,,,,
ipp,isopentyl phosphate,C5H9O4P,-2.0,9.0,-231.84,-970.0185600000001,-606.3635509409851,,,,
itp,ITP,C10H11N4O14P3,-4.0,11.0,-729.58,-3052.5627200000004,-2617.09184473034,,,,
lac-D,D-Lactate ,C3H5O3 ,-1.0,5.0,-123.17,-515.34328,-312.3231200289424,,,,
lac-L,L-Lactate,C3H5O3,-1.0,5.0,-123.17,-515.34328,-312.3231200289424,,,,
lald-L,L-Lactaldehyde,C3H6O2,0.0,6.0,-70.47,-294.84648,-50.25068136806408,,,,
Lcyst,L-cysteate,C3H6NO5S,-1.0,6.0,-206.402,-863.585968,-619.7998415902864,,,,
leutrna,L-Leucyl-tRNA(Leu),C6H12NOR,1.0,12.0,NONE,,,,,,
lgt-S,(R)-S-Lactoylglutathione,C13H20N3O8S ,-1.0,20.0,-291.21,-1218.42264,-403.9129834491024,,,,
lipid_met,Biomass – lipid component,,0.0,,NONE,,,,,,
lppg,lactyl-(2)-diphospho-(5')-guanosine,C13H16N5O13P2,-3.0,16.0,-577.97,-2418.2264800000003,-1773.2580669815043,,,,
lpro,Lipoylprotein,C8H14NOS2R,0.0,14.0,NONE,,,,,,
lystrna,L-Lysine-tRNA (Lys),C6H14N2OR,2.0,14.0,NONE,,,,,,
m3hdp,methyl-3-hydroxyl diphosphate,C5H11O8P2,-3.0,11.0,-500.44,-2093.84096,-1652.702379174784,,,,
m5hbc,Co-Methyl-Co-5-hydroxybenzimidazolylcobamide,C61H87CoN13O15P,0.0,87.0,NONE,,,,,,
mal-L,L-Malate,C4H4O5,-2.0,4.0,-201,-840.984,-681.1588231342649,,,,
man1p,D-Mannose 1-phosphate,C6H11O9P,-2.0,11.0,-430.78,-1802.3835199999999,-1357.1965780636729,,,,
man6p,D-Mannose 6-phosphate,C6H11O9P,-2.0,11.0,-430.78,-1802.3835199999999,-1357.1965780636729,,,,
menylh4spt,methenyl-tetrahydrosarcinapterin,C36H48N7O19P1,-2.0,48.0,-635.85,-2660.3964,-706.8686998334019,,,,
mercppyr,Mercaptopyruvate ,C3H3O3S ,-1.0,3.0,-108.164,-452.558176,-331.06994890625424,,,,
methf,"5,10-Methenyltetrahydrofolate",C20H20N7O6,-1.0,20.0,-97,-405.848,408.66165655089753,,,,
metsox-R-L,L-methionine-R-sulfoxide,C5H11NO3S,0.0,11.0,NONE,,,,,,
mettrna,L-Methionyl-tRNA (Met),C5H10NOSR,1.0,10.0,NONE,,,,,,
mev-R,(R)-Mevalonate,C6H11O4,-1.0,11.0,-157.77,-660.10968,-212.49372139700642,,,,
mfrbi1,methanofuran intermediate 1,C6H9O13P2,-5.0,9.0,-657.04,-2749.05536,-2402.4034676076512,,,,
mfrbi2,methanofuran intermediate 2,C6H8O9P,-3.0,8.0,-394.6,-1651.0064000000002,-1332.1657184907522,,,,
mfrbi3,methanofuran intermediate 3,C6H6O8P,-3.0,6.0,-374.35,-1566.2804,-1328.9716513680642,,,,
mfrbi4,phosphate ester of dihydrofuran : methanofuran biosynthesis intermediate 4 ,C6H6O8P,-3.0,6.0,-383.07,-1602.76488,-1365.456131368064,,,,
mh4spt,N5-methyl-tetrahydrosarcinapterin,C36H51N7O19P1,-3.0,51.0,-638.75,-2672.53,-600.7527616285447,,,,
mhpglu,5-Methyltetrahydropteroyltri-L-glutamate,C25H36N8O12,0.0,36.0,-315.46,-1319.88464,147.69015179161556,,,,
mi3p-D,1D-myo-Inositol 3-phosphate,C6H11O9P,-2.0,11.0,-432.46,-1809.41264,-1364.225698063673,,,,
mleneh4spt,"N5,N10-methylene-5,6,7,8-tetrahydromethanopterin",C36H49N7O19P1,-3.0,49.0,-632.5,-2646.38,-656.1346945058567,,,,
mlthf,"5,10-Methylenetetrahydrofolate",C20H22N7O6,-1.0,22.0,-93.45,-390.99480000000005,505.0467894282095,,,,
mmal,Methylmalonate,C4H4O4,-2.0,4.0,-164.77,-689.39768,-529.5725031342649,,,,
mmh2mpt,"monomethylated 7,8-dihydromethanoterin",C29H39N6O16P,-2.0,39.0,-537.2,-2247.6448000000005,-661.0107977813061,,,,
mphen,methanophenazine (oxidized),C37N2O1H50,0.0,,165.11,690.8202400000001,690.8202400000001,,,,
mphenh2,methanophenazine (reduced),C37N2O1H52,0.0,,171.08,715.7987200000001,715.7987200000001,,,,
msa,Malonate semialdehyde,C3H3O3,-1.0,3.0,-111.88,-468.10592,-346.6176929062543,,,,
mthgxl,Methylglyoxal,C3H4O2,0.0,4.0,-59.99,-250.99816,-87.93429424537607,,,,
nabl,N-epsilon-acetyl-beta-lysine,C8H16N2O3,0.0,16.0,-113.64,-475.46976,176.78570301849578,,,,
nicrns,Nicotinate D-ribonucleoside,C11H13NO6,0.0,13.0,-167.68,-701.57312,-171.61555629747215,,,,
nicrnt,Nicotinate D-ribonucleotide,C11H12NO9P,-2.0,12.0,-380.18,-1590.6731200000002,-1104.7202116250173,,,,
nmn,NMN,C11H14N2O8P,-1.0,14.0,-337.74,-1413.10416,-843.1903020810385,,,,
no2,Nitrite,NO2,-1.0,,-8.9,-37.2376,-38.047272222222226,,,,
o2-,Oxygen radical,O2,-1.0,,6.9,28.869600000000002,28.05992777777778,,,,
o2,O2,O2,0.0,,3.9197,16.4000248,16.4000248,,,,
oaa,Oxaloacetate,C4H2O5,-2.0,2.0,-190.52,-797.1356800000001,-718.842436011577,,,,
octdp,all-trans-Octaprenyl diphosphate,C40H65O7P2,-3.0,65.0,-242.55,-1014.8292000000001,1627.6715685126392,,,,
ohepa,2-oxoheptanedioic acid,C7H8O5,-2.0,8.0,-185.66,-776.8014400000001,-453.91239737964105,,,,
ohexa,2-oxohexanedioic acid,C6H6O5,-2.0,6.0,-187.28,-783.57952,-542.222410256953,,,,
orn,Ornithine,C5H13N2O2,1.0,13.0,-85.66,-358.40144,170.74645148030567,,,,
orot,Orotate,C5H3N2O4,-1.0,3.0,-142.48,-596.13632,-474.6480929062543,,,,
orot5p,Orotidine 5'-phosphate,C10H10N2O11P,-3.0,10.0,-479.18,-2004.88912,-1604.5165056134401,,,,
oxa,Oxalate,C2O4,-2.0,,-161,-673.624,-676.8626888888889,,,,
pan4p,Pantetheine 4'-phosphate,C11H21N2O7PS,-2.0,21.0,-347.644,-1454.542496,-601.6958896771132,,,,
pant-R,(R)-Pantoate,C6H11O4,-1.0,11.0,-159.58,-667.6827200000001,-220.06676139700653,,,,
pap,"Adenosine 3',5'-bisphosphate",C10H11N5O10P2,-4.0,11.0,-470.35,-1967.9444,-1532.4735247303397,,,,
paps,3'-Phosphoadenylyl sulfate,C10H11N5O13P2S,-4.0,11.0,-580.35,-2428.1844,-1992.7135247303397,,,,
pep,Phosphoenolpyruvate,C3H2O6P,-3.0,2.0,-316.08,-1322.47872,-1248.233837122688,,,,
phaccoa,Phenylacetyl-CoA,C29H38N7O17P3S,-4.0,38.0,-748.96,-3133.6486400000003,-1597.4966708866284,,,,
pheme,protoheme,C34H30FeN4O4,-2.0,30.0,NONE,,,,,,
phetrna,L-Phenylalanyl-tRNA(Phe),C9H10NOR,1.0,10.0,NONE,,,,,,
phom,O-Phospho-L-homoserine,C4H8NO6P,-2.0,8.0,-335.03,-1401.76552,-1078.8764773796408,,,,
phpyr,Phylloquinone,C9H7O3,-1.0,7.0,-75.82,-317.23087999999996,-32.678787151630274,,,,
phydp,Phytyl diphosphate,C20H39O7P2,-3.0,39.0,-420.31,-1758.5770400000001,-175.99139889241656,,,,
pmcoa,Pimeloyl-CoA,C28H41N7O19P3S,-5.0,41.0,-857.18,-3586.44112,-1935.27830157066,,,,
ppa,Propionate (n-C3:0),C3H5O2,-1.0,5.0,-85.13,-356.18392,-153.16376002894228,,,,
ppant-R,4-phosphopantoate,C6H10O7P,-3.0,10.0,-372.08,-1556.78272,-1156.41010561344,,,,
ppap,Propanoyl phosphate,C3H5O5P,-2.0,5.0,-300.03,-1255.3255199999999,-1054.7343766956087,,,,
ppbng,Porphobilinogen,C10H13N2O4,-1.0,13.0,-118.18,-494.46512000000007,34.682771480305576,,,,
ppcoa,Propanoyl-CoA,C24H36N7O17P3S,-4.0,36.0,-784.21,-3281.13464,-1826.5146037639402,,,,
pphn,Prephenate,C10H8O6,-2.0,8.0,-186.17,-778.93528,-456.046237379641,,,,
pppi,Inorganic triphosphate,HO10P3,-4.0,,NONE,,,,,,
pram,5-Phospho-beta-D-ribosylamine,C5H11NO7P,-1.0,11.0,-358.87,-1501.51208,-1053.8961213970063,,,,
pran,N-(5-Phospho-D-ribosyl)anthranilate,C12H13NO9P,-3.0,13.0,-393.15,-1644.9396,-1122.2690862974719,,,,
prbamp,1-(5-Phosphoribosyl)-AMP,C15H19N5O14P2,-4.0,19.0,-599.22,-2507.13648,-1745.537873221092,,,,
prbatp,1-(5-Phosphoribosyl)-ATP,C15H19N5O20P4,-6.0,19.0,-1015.22,-4247.68048,-3502.275317665536,,,,
prfp,1-(5-Phosphoribosyl)-5-[(5-phosphoribosylamino)methylideneamino]imidazole-4-carboxamide,C15H21N5O15P2,-4.0,21.0,-651.87,-2727.4240800000002,-1884.29354034378,,,,
prlp,5-[(5-phospho-1-deoxyribulos-1-ylamino)methylideneamino]-1-(5-phosphoribosyl)imidazole-4-carboxamide,C15H21N5O15P2,-4.0,21.0,-651.25,-2724.83,-1881.6994603437797,,,,
protein_met,Biomass – protein component,,0.0,,NONE,,,,,,
protrna,L-Prolyl-tRNA(Pro),C5H8NOR,1.0,8.0,NONE,,,,,,
prpp,5-Phospho-alpha-D-ribose 1-diphosphate,C5H8O14P3,-5.0,8.0,-814.62,-3408.37008,-3102.4841540463076,,,,
psd5p,Pseudouridine 5'-phosphate,C9H11N2O9P,-2.0,11.0,-410.45,-1717.3228,-1272.135858063673,,,,
pser-L,O-Phospho-L-serine,C3H6NO6P,-2.0,6.0,-336.65,-1408.5436,-1167.186490256953,,,,
pydx5p,Pyridoxal 5'-phosphate,C8H8NO6P,-2.0,8.0,-272,-1138.048,-815.1589573796409,,,,
pyr-L,L-pyrrolysine,C12H21N3O3,0.0,21.0,-88.15,-368.81960000000004,487.26569521177566,,,,
pyrtrna,trna(pyr-L),C12H20N3O2R,1.0,20.0,NONE,,,,,,
quln,Quinolinate,C7H3NO4,-2.0,3.0,-119.77,-501.11768,-382.0584695729209,,,,
r15bp,"D-Ribose 1,5-bisphosphate",C5H8O11P2,-4.0,8.0,-606.62,-2538.09808,-2224.9251040463078,,,,
r2mmal,D-Citramalate,C5H6O5,-2.0,6.0,-202.61,-847.7202400000001,-606.3631302569531,,,,
r5hbzi,N1-(alpha-D-ribosyl)-5-hydroxybenzimidazole,C12H14N2O5,0.0,14.0,-113.56,-475.13504,95.5884901411838,,,,
r5p,alpha-D-Ribose 5-phosphate,C5H9O8P,-2.0,9.0,-394.12,-1648.99808,-1285.343070940985,,,,
rb15bp,"D-Ribulose 1,5-bisphosphate",C5H8O11P2,-4.0,8.0,-606,-2535.504,-2222.3310240463074,,,,
Rh2cit,(R)-(homo)2citrate,C8H9O7,-3.0,9.0,-277.2,-1159.8048,-800.1981520520959,,,,
Rh3cit,(R)-(homo)3citrate,C9H11O7,-3.0,11.0,-275.58,-1153.02672,-711.8881391747841,,,,
rib-D,D-Ribose,C5H10O5,0.0,10.0,-181.62,-759.89808,-352.23841561344017,,,,
rna_met,Biomass – RNA component,,0.0,,NONE,,,,,,
rnam,N-Ribosylnicotinamide,C11H15N2O5,1.0,15.0,-125.24,-524.00416,86.67566435761762,,,,
ru5p-D,D-Ribulose 5-phosphate,C5H9O8P,-2.0,9.0,-393.5,-1646.404,-1282.748990940985,,,,
S2hglut,(S)-2-Hydroxyglutarate,C5H6O5,-2.0,6.0,-199.38,-834.20592,-592.8488102569529,,,,
scl,sirohydrochlorin,C42H40N4O16,-6.0,40.0,NONE,,,,,,
sec,sulfoethylcysteine,C5H10NO5S2,-1.0,10.0,-194.392,-813.336128,-406.4861358356624,,,,
sertrna,L-Seryl-tRNA(Ser),C3H6NO2R,1.0,6.0,NONE,,,,,,
sf430a,"15,17-seco-F430-17-acid",C42H47N6NiO14,-5.0,47.0,NONE,,,,,,
Shcit,S-homocitrate,C7H7O7,-3.0,7.0,-278.82,-1166.58288,-888.5081649294079,,,,
sheme,Siroheme,C42H36FeN4O16,-8.0,36.0,NONE,,,,,,
skm,Shikimate,C7H9O5,-1.0,9.0,-171.29,-716.67736,-350.5933342743184,,,,
skm5p,Shikimate 5-phosphate,C7H8O8P,-3.0,8.0,-383.79,-1605.77736,-1286.936678490752,,,,
sl26da,"N-Succinyl-LL-2,6-diaminoheptanedioate",C11H16N2O7,-2.0,16.0,-269.49,-1127.54616,-478.5293858703932,,,,
sl2a6o,N-Succinyl-2-L-amino-6-oxoheptanedioate,C11H12NO8,-3.0,12.0,-294.26,-1231.18384,-749.279292736128,,,,
so3,Sulfite,O3S,-2.0,,-126.15,-527.8116,-531.0502888888889,,,,
succ,Succinate,C4H4O4,-2.0,4.0,-162.96,-681.82464,-521.9994631342649,,,,
suchms,O-Succinyl-L-homoserine,C8H12NO6,-1.0,12.0,-236.19,-988.21896,-499.8370349583505,,,,
sucsal,Succinic semialdehyde,C4H5O3,-1.0,5.0,-110.26,-461.32784000000004,-258.3076800289423,,,,
thdp,"2,3,4,5-Tetrahydrodipicolinate",C7H8NO4,-1.0,8.0,-138.77,-580.61368,-255.29562071297443,,,,
thmmp,Thiamin monophosphate,C12H16N4O4PS,-1.0,16.0,-160.32,-670.77888,-19.333089203726445,,,,
thmpp,Thiamine diphosphate,C12H16N4O7P2S,-2.0,16.0,-368.32,-1541.05088,-892.0341058703931,,,,
thrp,L-Threonine O-3-phosphate,C4H8NO6P,-2.0,8.0,-336.84,-1409.33856,-1086.4495173796408,,,,
thrtrna,L-Threonyl-tRNA(Thr),C4H8NO2R,1.0,8.0,NONE,,,,,,
thym,Thymine,C5H6N2O2,0.0,6.0,-61.48,-257.23232,-12.636521368064109,,,,
thymd,Thymidine,C10H14N2O5,0.0,14.0,-145.84,-610.19456,-39.47102985881622,,,,
tih2cit,(-)threo-iso(homo)2citrate,C8H9O7,-3.0,9.0,-275.78,-1153.8635199999999,-794.2568720520959,,,,
tih3cit,(-)threo-iso(homo)3citrate,C9H11O7,-3.0,11.0,-274.16,-1147.08544,-705.9468591747841,,,,
trace_met,Biomass – trace component,,0.0,,NONE,,,,,,
trdox,Oxidized thioredoxin,X,0.0,,NONE,,,,,,
trdrd,Reduced thioredoxin,XH2,0.0,,NONE,,,,,,
trnaala,tRNA(Ala),R,0.0,,NONE,,,,,,
trnaarg,tRNA(Arg),R,0.0,,NONE,,,,,,
trnaasn,tRNA(Asn),R,0.0,,NONE,,,,,,
trnaasp,tRNA(Asp),R,0.0,,NONE,,,,,,
trnacys,tRNA(Cys),R,0.0,,NONE,,,,,,
trnagln,tRNA(Gln),R,0.0,,NONE,,,,,,
trnaglu,tRNA (Glu),R,0.0,,NONE,,,,,,
trnagly,tRNA(Gly),R,0.0,,NONE,,,,,,
trnahis,tRNA(His),R,0.0,,NONE,,,,,,
trnaile,tRNA(Ile),R,0.0,,NONE,,,,,,
trnaleu,tRNA(Leu),R,0.0,,NONE,,,,,,
trnalys,tRNA(Lys),R,0.0,,NONE,,,,,,
trnamet,tRNA(Met),R,0.0,,NONE,,,,,,
trnaphe,tRNA(Phe),R,0.0,,NONE,,,,,,
trnapro,tRNA(Pro),R,0.0,,NONE,,,,,,
trnaser,tRNA(Ser),R,0.0,,NONE,,,,,,
trnathr,tRNA(Thr),R,0.0,,NONE,,,,,,
trnatrp,tRNA(Trp),R,0.0,,NONE,,,,,,
trnatyr,tRNA(Tyr),R,0.0,,NONE,,,,,,
trnaval,tRNA(Val),R,0.0,,NONE,,,,,,
trptrna,L-Tryptophanyl-tRNA(Trp),C11H11N2OR,1.0,11.0,NONE,,,,,,
tsul,Thiosulfate,O3S2,-2.0,,-122.7,-513.3768,-516.6154888888889,,,,
tym,Tyramine,C8H12NO,1.0,12.0,-10.89,-45.56376,442.8181650416496,,,,
tyrtrna,L-Tyrosyl-tRNA(Tyr),C9H10NO2R,1.0,10.0,NONE,,,,,,
uacgam,UDP-N-acetyl-D-glucosamine,C17H25N3O17P2,-2.0,25.0,-756.9,-3166.8696,-2150.9591279224896,,,,
udp,UDP,C9H11N2O12P2,-3.0,11.0,-605.77,-2534.54168,-2093.403099174784,,,,
udpacgal,UDP-N-acetyl-D-galactosamine,C17H25N3O17P2,-2.0,25.0,-756.9,-3166.8696,-2150.9591279224896,,,,
udpg,UDPglucose,C15H22N2O17P2,-2.0,22.0,-762.55,-3190.5092,-2296.8966272384573,,,,
udpgal,UDPgalactose,C15H22N2O17P2,-2.0,22.0,-762.55,-3190.5092,-2296.8966272384573,,,,
udpglcur,UDP-D-glucuronate,C15H19N2O18P2,-3.0,19.0,-805.77,-3371.34168,-2604.0753676655363,,,,
ump,UMP,C9H11N2O9P,-2.0,11.0,-397.77,-1664.2696799999999,-1219.0827380636729,,,,
uppg3,Uroporphyrinogen III,C40H36N4O16,-8.0,36.0,NONE,,,,,,
ura,Uracil,C4H4N2O2,0.0,4.0,-61.07,-255.51688000000001,-92.45301424537607,,,,
urea,Urea,CH4N2O,0.0,4.0,-48.7,-203.76080000000002,-40.69693424537607,,,,
uri,Uridine,C9H12N2O6,0.0,12.0,-185.27,-775.1696800000001,-285.9780827361283,,,,
valtrna,L-Valyl-tRNA(Val),C5H10NOR,1.0,10.0,NONE,,,,,,
xan,Xanthine,C5H4N4O2,0.0,4.0,-27.73,-116.02232000000001,47.04154575462394,,,,
xmp,Xanthosine 5'-phosphate,C10H11N4O9P,-2.0,11.0,-364.43,-1524.77512,-1079.588178063673,,,,
xtp,XTP,C10H11N4O15P3,-4.0,11.0,-780.43,-3265.31912,-2829.8482447303395,,,,
xtsn,Xanthosine,C10H12N4O6,0.0,12.0,-151.93,-635.6751200000001,-146.4835227361283,,,,
mno2,Manganese dioxide,MnO2,0.0,0.0,,-465.2,-465.2,,,,
btoh,Butanol,C4H10O,0.0,10.0,,-162.51,245.1496643865599,,,,
ibtoh,Isobutanol,C4H10O,0.0,10.0,,,253.8,,,,
btyr,Butyrate,C4H8O,-1.0,8.0,,,-68.08,,,,
ibtyr,Isobutyrate,C4H8O,-1.0,8.0,,,-56.04,,,,
,,,,,,,,,,,
,,,,,,,,,,,
References:,,,,,,,,,,,
Alberty RA (1998) Calculation of standard transformed Gibbs energies and standard transformed enthalpies of biochemical reactants. Archives of biochemistry and biophysics 353: 116-130,,,,,,,,,,,
"Benedict MN, Gonnerman MC, Metcalf WW, Price ND (2012) Genome-scale metabolic reconstruction and hypothesis testing in the methanogenic archaeon Methanosarcina acetivorans C2A. Journal of bacteriology 194: 855-865",,,,,,,,,,,
"Lide, David R. CRC Handbook, 84th ed.; CRC Press: Boca Raton, Florida, 2003; pp 5:5-5:60, 5:85-5:86.",,,,,,,,,,,
"Dean, John A. Lange’s Handbook of Chemistry, 11th ed.; McGraw-Hill: New York, New York, 1979; pp 9:4-9:128.",,,,,,,,,,,
http://equilibrator.weizmann.ac.il,,,,,,,,,,,
