Abbreviation,Reaction,LB (growth with native substrates),UB (growth with native substrates),LB (growth with methane),UB (growth with methane),Notes
ADSL1,dcamp[c] <==> amp[c] + fum[c],0.0,1000,0.0,1000,
ADSS,asp-L[c] + gtp[c] + imp[c] <==> dcamp[c] + gdp[c] + (2) h[c] + pi[c],0.0,1000,0.0,1000,
ALATA_L,akg[c] + ala-L[c] <==> glu-L[c] + pyr[c],-1000.0,1000,-1000.0,1000,
ALATRS,ala-L[c] + atp[c] + trnaala[c] <==> amp[c] + ppi[c] + alatrna[c],0.0,1000,0.0,1000,
APAT2,akg[c] + ala-B[c] <==> glu-L[c] + msa[c],0.0,1000,0.0,1000,
ARGSL,argsuc[c] <==> arg-L[c] + fum[c],-1000.0,1000,-1000.0,1000,
ARGSS,asp-L[c] + atp[c] + citr-L[c] <==> amp[c] + argsuc[c] + h[c] + ppi[c],0.0,1000,0.0,1000,
ASADi,4pasp[c] + h[c] + nadph[c] <==> aspsa[c] + nadp[c] + pi[c],0.0,1000,0.0,1000,
ASNN,asn-L[c] + h2o[c] <==> asp-L[c] + nh4[c],0.0,1000,0.0,1000,
ASNS1,asp-L[c] + atp[c] + gln-L[c] + h2o[c] <==> amp[c] + asn-L[c] + glu-L[c] + h[c] + ppi[c],0.0,1000,0.0,1000,
ASP1DC,asp-L[c] + h[c] <==> ala-B[c] + co2[c],0.0,1000,0.0,1000,
ASPCT,asp-L[c] + cbp[c] <==> cbasp[c] + h[c] + pi[c],0.0,1000,0.0,1000,
ASPKi,asp-L[c] + atp[c] <==> 4pasp[c] + adp[c],0.0,1000,0.0,1000,
ASPTA,akg[c] + asp-L[c] <==> glu-L[c] + oaa[c],-1000.0,1000,-1000.0,1000,
ASPTRS,asp-L[c] + atp[c] + trnaasp[c] <==> amp[c] + ppi[c] + asptrna[c],0.0,1000,0.0,1000,
BAMPPALDOX,bamppald[c] + h2o[c] + nad[c] <==> ala-B[c] + (2) h[c] + nadh[c],0.0,1000,0.0,1000,
HSDy,hom-L[c] + nadp[c] <==> aspsa[c] + h[c] + nadph[c],-1000.0,1000,-1000.0,1000,
PC,atp[c] + hco3[c] + pyr[c] <==> adp[c] + h[c] + oaa[c] + pi[c],0.0,1000,0.0,1000,
2MBCOAS,2mbr[c] + atp[c] + coa[c] <==> 2mbcoa[c] + amp[c] + ppi[c],0.0,1000,0.0,1000,
ACGK,acglu[c] + atp[c] <==> acg5p[c] + adp[c],0.0,1000,0.0,1000,
ACGS,accoa[c] + glu-L[c] <==> acglu[c] + coa[c] + h[c],0.0,1000,0.0,1000,
ACOTA,acg5sa[c] + glu-L[c] <==> acorn[c] + akg[c],-1000.0,1000,-1000.0,1000,
AGPR,acg5p[c] + h[c] + nadph[c] <==> acg5sa[c] + nadp[c] + pi[c],0.0,1000,0.0,1000,
AMPTASECG,cgly[c] + h2o[c] <==> cys-L[c] + gly[c],0.0,1000,0.0,1000,
CHORM,chor[c] <==> pphn[c],0.0,1000,0.0,1000,
DIPS,amet[c] + caphis[c] <==> ahcys[c] + cmaphis[c] + h[c],0.0,1000,0.0,1000,
GLU5K,atp[c] + glu-L[c] <==> adp[c] + glu5p[c],0.0,1000,0.0,1000,
HSDx,hom-L[c] + nad[c] <==> aspsa[c] + h[c] + nadh[c],-1000.0,1000,-1000.0,1000,
METSOXR2,metsox-R-L[c] + trdrd[c] <==> trdox[c] + h2o[c] + met-L[c],0.0,1000,0.0,1000,
OPAH,5oxpro[c] + atp[c] + (2) h2o[c] <==> adp[c] + glu-L[c] + h[c] + pi[c],0.0,1000,0.0,1000,
ORNTAC,acorn[c] + glu-L[c] <==> acglu[c] + orn[c],-1000.0,1000,-1000.0,1000,
PPND,nad[c] + pphn[c] <==> 34hpp[c] + co2[c] + nadh[c],0.0,1000,0.0,1000,
AGMT,agm[c] + h2o[c] <==> ptrc[c] + urea[c],0.0,1000,0.0,1000,
ARGDr,arg-L[c] + h2o[c] <==> citr-L[c] + nh4[c],-1000.0,1000,-1000.0,1000,
ARGTRS,arg-L[c] + atp[c] + trnaarg[c] <==> amp[c] + ppi[c] + argtrna[c],0.0,1000,0.0,1000,
OCBT,cbp[c] + orn[c] <==> citr-L[c] + h[c] + pi[c],0.0,1000,0.0,1000,
ORNCD,orn[c] <==> nh4[c] + pro-L[c],0.0,1000,0.0,1000,
ORNDC,h[c] + orn[c] <==> co2[c] + ptrc[c],0.0,1000,0.0,1000,
P5CRx,nad[c] + pro-L[c] <==> 1pyr5c[c] + (2) h[c] + nadh[c],-1000.0,1000,-1000.0,1000,
P5CRy,nadp[c] + pro-L[c] <==> 1pyr5c[c] + (2) h[c] + nadph[c],-1000.0,1000,-1000.0,1000,
PROTRS,atp[c] + pro-L[c] + trnapro[c] <==> amp[c] + ppi[c] + protrna[c],0.0,1000,0.0,1000,
R01986,4abutn[c] + h2o[c] + nadp[c] <==> 4abut[c] + (2) h[c] + nadph[c],0.0,1000,0.0,1000,
R02549,4abutn[c] + h2o[c] + nad[c] <==> 4abut[c] + (2) h[c] + nadh[c],0.0,1000,0.0,1000,
G5SADr,glu5sa[c] <==> 1pyr5c[c] + h[c] + h2o[c],0.0,1000,0.0,1000,
G5SD2,glu5p[c] + h[c] + nadh[c] <==> glu5sa[c] + nad[c] + pi[c],0.0,1000,0.0,1000,
AKSCAL,2ood[c] + accoa[c] + h2o[c] <==> glyc-R[c] + pmcoa[c],0.0,1000,0.0,1000,
ACONMT,amet[c] + acon-T[c] <==> ahcys[c] + aconm[c],0.0,1000,0.0,1000,
ACYP_2,actp[c] + h2o[c] <==> ac[c] + h[c] + pi[c],0.0,1000,0.0,1000,
ADPRDP,adprib[c] + h2o[c] <==> amp[c] + (2) h[c] + r5p[c],0.0,1000,0.0,1000,
AH6PI,ah6p-D[c] <==> f6p[c],-1000.0,1000,-1000.0,1000,
AIRCr,air[c] + co2[c] <==> 5aizc[c] + h[c],-1000.0,1000,-1000.0,1000,
ALCD19x,glyald[c] + h[c] + nadh[c] <==> glyc[c] + nad[c],0.0,1000,0.0,1000,
ALCD19y,glyald[c] + h[c] + nadph[c] <==> glyc[c] + nadp[c],0.0,1000,0.0,1000,
ALCD20x,nad[c] + 2ppoh[c] <==> h[c] + nadh[c] + acetone[c],-1000.0,1000,-1000.0,1000,
ALCD20y,nadp[c] + 2ppoh[c] <==> h[c] + nadph[c] + acetone[c],-1000.0,1000,-1000.0,1000,
ALCD22_L_f420_,lald-L[c] + f420-2[c] + h[c] <==> mthgxl[c] + f420-2h2[c],-1000.0,1000,-1000.0,1000,
ALCD2x,etoh[c] + nad[c] <==> acald[c] + h[c] + nadh[c],-1000.0,1000,-1000.0,1000,
ALCD2y,etoh[c] + nadp[c] <==> acald[c] + h[c] + nadph[c],-1000.0,1000,-1000.0,1000,
ALDD1,fald[c] + h2o[c] + nad[c] <==> for[c] + (2) h[c] + nadh[c],0.0,1000,0.0,1000,
ALDD2x,acald[c] + h2o[c] + nad[c] <==> ac[c] + (2) h[c] + nadh[c],0.0,1000,0.0,1000,
ALR2_f420_,mthgxl[c] + f420-2h2[c] <==> f420-2[c] + acetol[c] + h[c],0.0,1000,0.0,1000,
CTPRIBFLVTX,ctp[c] + ribflv[c] <==> cdp[c] + fmn[c] + h[c],0.0,1000,0.0,1000,
DGLY3POX,(2) fdox[c] + g3p[c] + h2o[c] <==> 3pg[c] + (2) fdred[c] + (3) h[c],0.0,1000,0.0,1000,
DKFPS2,mthgxl[c] + fdp[c] <==> dkfp[c] + g3p[c],-1000.0,1000,-1000.0,1000,
DKFPS3,f1p[c] + mthgxl[c] <==> dkfp[c] + gald[c],0.0,1000,0.0,1000,
DRBK,atp[c] + drib[c] <==> 2dr5p[c] + adp[c] + h[c],0.0,1000,0.0,1000,
FBA2,f1p[c] <==> dhap[c] + glyald[c],-1000.0,1000,-1000.0,1000,
FBP2,fdp[c] + h2o[c] <==> pi[c] + f1p[c],0.0,1000,0.0,1000,
FCLPA,fc1p[c] <==> dhap[c] + lald-L[c],0.0,1000,0.0,1000,
GALT,gal1p[c] + h[c] + utp[c] <==> ppi[c] + udpgal[c],0.0,1000,0.0,1000,
GALUi,g1p[c] + h[c] + utp[c] <==> ppi[c] + udpg[c],-1000.0,1000,-1000.0,1000,
GCALDDr,gcald[c] + h2o[c] + nad[c] <==> glyclt[c] + (2) h[c] + nadh[c],0.0,1000,0.0,1000,
GLCGSD,h2o[c] + glycogen[c] <==> glc-D[c],0.0,1000,0.0,1000,
GLCP,pi[c] + glycogen[c] <==> g1p[c],0.0,1000,0.0,1000,
GLCS2,udpg[c] <==> h[c] + udp[c] + glycogen[c],0.0,1000,0.0,1000,
GLXO1,h2o[c] + nad[c] + glx[c] <==> nadh[c] + (2) h[c] + oxa[c],0.0,1000,0.0,1000,
GLYALDOX,(2) fdox[c] + glyald[c] + h2o[c] <==> (2) fdred[c] + glyc-R[c] + (3) h[c],0.0,1000,0.0,1000,
GMAND,gdpmann[c] <==> gdpddman[c] + h2o[c],0.0,1000,0.0,1000,
HEX7,atp[c] + fru[c] <==> adp[c] + f6p[c] + h[c],0.0,1000,0.0,1000,
HSPMS,(2) ptrc[c] <==> hspmd[c] + nh4[c],0.0,1000,0.0,1000,
INS2D,inost[c] + nad[c] <==> h[c] + nadh[c] + 2ins[c],0.0,1000,0.0,1000,
MAN1PT,gtp[c] + h[c] + man1p[c] <==> gdpmann[c] + ppi[c],0.0,1000,0.0,1000,
MAN1PT2r,gdp[c] + h[c] + man1p[c] <==> gdpmann[c] + pi[c],0.0,1000,0.0,1000,
MAN6PI,man6p[c] <==> f6p[c],-1000.0,1000,-1000.0,1000,
ME1_rev,mal-L[c] + nad[c] <==> co2[c] + nadh[c] + pyr[c],-1000.0,1000,-1000.0,1000,
ME2,mal-L[c] + nadp[c] <==> co2[c] + nadph[c] + pyr[c],0.0,1000,0.0,1000,
MGSA2,g3p[c] <==> mthgxl[c] + pi[c],0.0,1000,0.0,1000,
MI3PP,h2o[c] + mi3p-D[c] <==> inost[c] + pi[c],0.0,1000,0.0,1000,
PGLYCP,2pglyc[c] + h2o[c] <==> glyclt[c] + pi[c],0.0,1000,0.0,1000,
PGMT,g1p[c] <==> g6p[c],-1000.0,1000,-1000.0,1000,
PMANM,man6p[c] <==> man1p[c],-1000.0,1000,-1000.0,1000,
POR2,accoa[c] + co2[c] + (2) fdred[c] + h[c] <==> coa[c] + (2) fdox[c] + pyr[c],-1000.0,1000,-1000.0,1000,
POR3,co2[c] + (2) fdred[c] + h[c] + ppcoa[c] <==> 2obut[c] + coa[c] + (2) fdox[c],0.0,1000,-1000.0,1000,
PPA,h2o[c] + ppi[c] <==> h[c] + (2) pi[c],0.0,1000,0.0,1000,
PPA2,h2o[c] + pppi[c] <==> h[c] + pi[c] + ppi[c],0.0,1000,0.0,1000,
PPAKr,adp[c] + ppap[c] <==> atp[c] + ppa[c],0.0,1000,0.0,1000,
PPDK,atp[c] + pi[c] + pyr[c] <==> amp[c] + h[c] + pep[c] + ppi[c],0.0,1000,0.0,1000,
PYDXS,gln-L[c] + g3p[c] + r5p[c] <==> (3) h2o[c] + pi[c] + pydx5p[c] + glu-L[c] + h[c],0.0,1000,0.0,1000,
PYRFALDC,pyr[c] + fald[c] + h[c] <==> acetol[c] + co2[c],0.0,1000,0.0,1000,
R00430,gdp[c] + pep[c] + h[c] <==> gtp[c] + pyr[c],0.0,1000,0.0,1000,
RBK,atp[c] + rib-D[c] <==> adp[c] + h[c] + r5p[c],0.0,1000,0.0,1000,
RBPC,co2[c] + h2o[c] + rb15bp[c] <==> (2) 3pg[c] + (2) h[c],-1000.0,1000,-1000.0,1000,
RU5PS,fald[c] + ru5p-D[c] <==> ah6p-D[c],-1000.0,1000,-1000.0,1000,
UAG4E,uacgam[c] <==> udpacgal[c],0.0,1000,0.0,1000,
UDPG4E,udpg[c] <==> udpgal[c],-1000.0,1000,-1000.0,1000,
UDPGDr,h2o[c] + (2) nad[c] + udpg[c] <==> (3) h[c] + (2) nadh[c] + udpglcur[c],-1000.0,1000,-1000.0,1000,
VOR,3mob[c] + coa[c] + (2) fdox[c] <==> co2[c] + (2) fdred[c] + ibcoa[c] + h[c],0.0,1000,0.0,1000,
ACONTa,cit[c] <==> icit[c],-1000.0,1000,-1000.0,1000,
CS,cit[c] + coa[c] + h[c] <==> accoa[c] + h2o[c] + oaa[c],-1000.0,1000,-1000.0,1000,
FUM,mal-L[c] <==> fum[c] + h2o[c],-1000.0,1000,-1000.0,1000,
ICITRED,icit[c] + nadp[c] <==> co2[c] + nadph[c] + akg[c],-1000.0,1000,-1000.0,1000,
MDH,mal-L[c] + nad[c] <==> h[c] + nadh[c] + oaa[c],-1000.0,1000,-1000.0,1000,
OORr,akg[c] + coa[c] + (2) fdox[c] <==> co2[c] + (2) fdred[c] + succoa[c] + h[c],0.0,1000,0.0,1000,
PPC,co2[c] + h2o[c] + pep[c] <==> h[c] + oaa[c] + pi[c],0.0,1000,0.0,1000,
ACCOAL2r,atp[c] + coa[c] + ppa[c] <==> adp[c] + pi[c] + ppcoa[c],0.0,1000,-1000.0,1000,
DPCOAK,atp[c] + dpcoa[c] <==> adp[c] + coa[c] + h[c],0.0,1000,0.0,1000,
DPR,h[c] + nadph[c] + 2dhp[c] <==> nadp[c] + pant-R[c],0.0,1000,0.0,1000,
MOHMT,3mob[c] + h2o[c] + mlthf[c] <==> thf[c] + 2dhp[c],0.0,1000,0.0,1000,
POK,atp[c] + pant-R[c] <==> adp[c] + ppant-R[c] + h[c],0.0,1000,0.0,1000,
PPCDC,4ppcys[c] + h[c] <==> co2[c] + pan4p[c],0.0,1000,0.0,1000,
PPNCL2,4ppan[c] + ctp[c] + cys-L[c] <==> 4ppcys[c] + cmp[c] + h[c] + ppi[c],0.0,1000,0.0,1000,
PPTS,ppant-R[c] + ala-B[c] + atp[c] <==> amp[c] + ppi[c] + h[c] + 4ppan[c],0.0,1000,0.0,1000,
PTPATi,atp[c] + h[c] + pan4p[c] <==> dpcoa[c] + ppi[c],-1000.0,1000,-1000.0,1000,
7MHS,7ohp[c] + cys-L[c] + h[c] + nadh[c] <==> 7mhp[c] + nad[c] + ser-L[c],0.0,1000,0.0,1000,
7MHTS,7mhp[c] + atp[c] + thr-L[c] <==> 7mht[c] + adp[c] + h[c] + pi[c],0.0,1000,0.0,1000,
AKACAL,accoa[c] + h2o[c] + ohexa[c] <==> Rh2cit[c] + coa[c] + h[c],0.0,1000,0.0,1000,
AKGCAL,accoa[c] + akg[c] <==> coa[c] + h[c] + hacon-T[c],0.0,1000,0.0,1000,
AKPCAL,accoa[c] + h2o[c] + ohepa[c] <==> Rh3cit[c] + coa[c] + h[c],0.0,1000,0.0,1000,
AKSDC,2ood[c] + h[c] <==> 7ohp[c] + co2[c],0.0,1000,0.0,1000,
CH2ACH,h2acon-C[c] + h2o[c] <==> tih2cit[c],-1000.0,1000,-1000.0,1000,
CH3ACH,h2o[c] + h3acon-C[c] <==> tih3cit[c],-1000.0,1000,-1000.0,1000,
CHACH,h2o[c] + hacon-C[c] <==> ihcit-T[c],-1000.0,1000,-1000.0,1000,
COBS,7mht[c] + atp[c] <==> adp[c] + cob[c] + h[c],0.0,1000,0.0,1000,
RH2CD,Rh2cit[c] <==> h2acon-C[c] + h2o[c],-1000.0,1000,-1000.0,1000,
RH3CD,Rh3cit[c] <==> h2o[c] + h3acon-C[c],-1000.0,1000,-1000.0,1000,
SHCD,Shcit[c] <==> h2o[c] + hacon-C[c],-1000.0,1000,-1000.0,1000,
THACH,h2o[c] + hacon-T[c] <==> Shcit[c],-1000.0,1000,-1000.0,1000,
TIH2CD,nad[c] + tih2cit[c] <==> co2[c] + nadh[c] + ohepa[c],0.0,1000,0.0,1000,
TIH3CD,nad[c] + tih3cit[c] <==> 2ood[c] + co2[c] + nadh[c],0.0,1000,0.0,1000,
TIHCD,ihcit-T[c] + nad[c] <==> co2[c] + nadh[c] + ohexa[c],0.0,1000,0.0,1000,
COMS,h2o[c] + sec[c] <==> com[c] + nh4[c] + pyr[c],0.0,1000,0.0,1000,
LCYSTAT,Lcyst[c] + akg[c] <==> 3spyr[c] + glu-L[c],-1000.0,1000,-1000.0,1000,
LCYSTS,pser-L[c] + so3[c] + h[c] <==> Lcyst[c] + pi[c],0.0,1000,0.0,1000,
SECS,2tcc[c] + h[c] + nadh[c] <==> nad[c] + sec[c],0.0,1000,0.0,1000,
SMTZS,2saa[c] + cys-L[c] <==> 2tcc[c] + h2o[c],0.0,1000,0.0,1000,
SPDC,3spyr[c] + h[c] <==> 2saa[c] + co2[c],0.0,1000,0.0,1000,
ACSERHS,acser[c] + trdrd[c] + tsul[c] <==> ac[c] + cys-L[c] + h[c] + so3[c] + trdox[c],0.0,1000,0.0,1000,
ADSK,atp[c] + aps[c] <==> adp[c] + h[c] + paps[c],0.0,1000,0.0,1000,
CYSDS,cys-L[c] + h2o[c] <==> h2s[c] + nh4[c] + pyr[c],0.0,1000,0.0,1000,
CYSSr,acser[c] + h2s[c] <==> ac[c] + cys-L[c] + h[c],0.0,1000,0.0,1000,
CYSTA,akg[c] + cys-L[c] <==> glu-L[c] + mercppyr[c],0.0,1000,0.0,1000,
CYSTRS,atp[c] + cys-L[c] + trnacys[c] <==> amp[c] + ppi[c] + cystrna[c],0.0,1000,0.0,1000,
PAPSR,paps[c] + trdrd[c] <==> (2) h[c] + pap[c] + so3[c] + trdox[c],0.0,1000,0.0,1000,
R01411,5mcyt[c] + h2o[c] + h[c] <==> nh4[c] + thym[c],0.0,1000,0.0,1000,
SADT2,atp[c] + gtp[c] + h2o[c] + so4[c] <==> aps[c] + gdp[c] + pi[c] + ppi[c],0.0,1000,0.0,1000,
SERAT,accoa[c] + ser-L[c] <==> acser[c] + coa[c],-1000.0,1000,-1000.0,1000,
SHSL2r,h2s[c] + suchms[c] <==> h[c] + hcys-L[c] + succ[c],0.0,1000,0.0,1000,
ABTA,4abut[c] + akg[c] <==> glu-L[c] + sucsal[c],-1000.0,1000,-1000.0,1000,
ARGDC,arg-L[c] + h[c] <==> agm[c] + co2[c],0.0,1000,0.0,1000,
CBPS,(2) atp[c] + gln-L[c] + h2o[c] + hco3[c] <==> (2) adp[c] + cbp[c] + glu-L[c] + (2) h[c] + pi[c],0.0,1000,0.0,1000,
GF6PTA,f6p[c] + gln-L[c] <==> gam6p[c] + glu-L[c],0.0,1000,0.0,1000,
GLUDC,glu-L[c] + h[c] <==> 4abut[c] + co2[c],0.0,1000,0.0,1000,
GLUDxi,akg[c] + h[c] + nadh[c] + nh4[c] <==> glu-L[c] + h2o[c] + nad[c],0.0,1000,0.0,1000,
GLUDyi,akg[c] + h[c] + nadph[c] + nh4[c] <==> glu-L[c] + h2o[c] + nadp[c],0.0,1000,0.0,1000,
GLUPRT,gln-L[c] + h2o[c] + prpp[c] <==> glu-L[c] + ppi[c] + pram[c],0.0,1000,0.0,1000,
GLUS_F420_,akg[c] + f420-2h2[c] + gln-L[c] <==> f420-2[c] + (2) glu-L[c] + h[c],0.0,1000,0.0,1000,
GLUTRS,atp[c] + glu-L[c] + trnaglu[c] <==> amp[c] + glutrna[c] + ppi[c],0.0,1000,0.0,1000,
GLUTRS_Gln_,atp[c] + glu-L[c] + trnagln[c] <==> amp[c] + ppi[c] + glutrna_gln[c],0.0,1000,0.0,1000,
GTHOr,gthox[c] + h[c] + nadph[c] <==> (2) gthrd[c] + nadp[c],0.0,1000,0.0,1000,
SSALx,h2o[c] + nad[c] + sucsal[c] <==> (2) h[c] + nadh[c] + succ[c],0.0,1000,0.0,1000,
SSALy,h2o[c] + nadp[c] + sucsal[c] <==> (2) h[c] + nadph[c] + succ[c],0.0,1000,0.0,1000,
GLNS,atp[c] + glu-L[c] + nh4[c] <==> adp[c] + gln-L[c] + h[c] + pi[c],0.0,1000,0.0,1000,
GLNTRAT,atp[c] + gln-L[c] + h2o[c] + glutrna_gln[c] <==> adp[c] + glu-L[c] + h[c] + pi[c] + glntrna[c],0.0,1000,0.0,1000,
GMPS2,atp[c] + gln-L[c] + h2o[c] + xmp[c] <==> amp[c] + glu-L[c] + gmp[c] + (2) h[c] + ppi[c],0.0,1000,0.0,1000,
NADS1,atp[c] + dnad[c] + nh4[c] <==> amp[c] + h[c] + nad[c] + ppi[c],0.0,1000,0.0,1000,
NADS2,atp[c] + dnad[c] + gln-L[c] + h2o[c] <==> amp[c] + glu-L[c] + h[c] + nad[c] + ppi[c],0.0,1000,0.0,1000,
GHMT2,gly[c] + h2o[c] + mlthf[c] <==> ser-L[c] + thf[c],-1000.0,1000,-1000.0,1000,
GLYTRS,atp[c] + gly[c] + trnagly[c] <==> amp[c] + ppi[c] + glytrna[c],0.0,1000,0.0,1000,
PGCD,3pg[c] + nad[c] <==> 3php[c] + h[c] + nadh[c],-1000.0,1000,-1000.0,1000,
PSERT,akg[c] + pser-L[c] <==> 3php[c] + glu-L[c],-1000.0,1000,-1000.0,1000,
PSP_L,h2o[c] + pser-L[c] <==> pi[c] + ser-L[c],0.0,1000,0.0,1000,
R08576,pser-L[c] + trnacys[c] + atp[c] <==> cystrna_pser[c] + amp[c] + ppi[c],0.0,1000,0.0,1000,
SERTRS,atp[c] + ser-L[c] + trnaser[c] <==> amp[c] + ppi[c] + sertrna[c],0.0,1000,0.0,1000,
ACYP,13dpg[c] + h2o[c] <==> 3pg[c] + h[c] + pi[c],0.0,1000,0.0,1000,
ENO,2pg[c] <==> h2o[c] + pep[c],-1000.0,1000,-1000.0,1000,
FBA,fdp[c] <==> dhap[c] + g3p[c],-1000.0,1000,-1000.0,1000,
FBP,fdp[c] + h2o[c] <==> f6p[c] + pi[c],0.0,1000,0.0,1000,
GAPD,g3p[c] + nad[c] + pi[c] <==> 13dpg[c] + h[c] + nadh[c],-1000.0,1000,-1000.0,1000,
GK_adp_,adp[c] + glc-D[c] <==> amp[c] + g6p[c] + h[c],0.0,1000,0.0,1000,
PFK_adp_,adp[c] + f6p[c] <==> amp[c] + fdp[c] + h[c],0.0,1000,0.0,1000,
PGI,g6p[c] <==> f6p[c],-1000.0,1000,-1000.0,1000,
PGK,3pg[c] + atp[c] <==> 13dpg[c] + adp[c],-1000.0,1000,-1000.0,1000,
PGM,2pg[c] <==> 3pg[c],-1000.0,1000,-1000.0,1000,
PPS,atp[c] + h2o[c] + pyr[c] <==> amp[c] + (2) h[c] + pep[c] + pi[c],0.0,1000,0.0,1000,
PYK,adp[c] + h[c] + pep[c] <==> atp[c] + pyr[c],0.0,1000,0.0,1000,
PYRDC,h[c] + pyr[c] <==> acald[c] + co2[c],0.0,1000,0.0,1000,
TPI,g3p[c] <==> dhap[c],-1000.0,1000,-1000.0,1000,
ATPPRT,ppi[c] + prbatp[c] <==> atp[c] + prpp[c],-1000.0,1000,-1000.0,1000,
HISTD,h2o[c] + histd[c] + (2) nad[c] <==> (3) h[c] + his-L[c] + (2) nadh[c],0.0,1000,0.0,1000,
HISTP,h2o[c] + hisp[c] <==> histd[c] + pi[c],0.0,1000,0.0,1000,
HISTRS,atp[c] + his-L[c] + trnahis[c] <==> amp[c] + ppi[c] + histrna[c],0.0,1000,0.0,1000,
HSTPT,akg[c] + hisp[c] <==> glu-L[c] + imacp[c],-1000.0,1000,-1000.0,1000,
IG3PS,gln-L[c] + prlp[c] <==> aicar[c] + eig3p[c] + glu-L[c] + h[c],0.0,1000,0.0,1000,
IGPDH,eig3p[c] <==> h2o[c] + imacp[c],0.0,1000,0.0,1000,
NBAHH,carn[c] + h2o[c] <==> ala-B[c] + his-L[c] + h[c],0.0,1000,0.0,1000,
PRAMPC,h2o[c] + prbamp[c] <==> prfp[c],0.0,1000,0.0,1000,
PRATPP,h2o[c] + prbatp[c] <==> h[c] + ppi[c] + prbamp[c],0.0,1000,0.0,1000,
PRMICIi,prfp[c] <==> prlp[c],0.0,1000,0.0,1000,
PRPPS,atp[c] + r5p[c] <==> amp[c] + h[c] + prpp[c],-1000.0,1000,-1000.0,1000,
RPI,r5p[c] <==> ru5p-D[c],-1000.0,1000,-1000.0,1000,
ACACT1,(2) accoa[c] <==> aacoa[c] + coa[c],-1000.0,1000,-1000.0,1000,
ACNPLYS,acnam[c] + pi[c] <==> h2o[c] + pep[c] + acmana[c],-1000.0,1000,-1000.0,1000,
AGAIAGT,dpgpi[c] + uacgam[c] <==> agdpgpi[c] + h[c] + udp[c],0.0,1000,0.0,1000,
AGAID,agdpgpi[c] + h2o[c] <==> ac[c] + gdpgpi[c],0.0,1000,0.0,1000,
ASD,dpgps[c] + h[c] <==> co2[c] + dpgpe[c],0.0,1000,0.0,1000,
ATGH,dggpg[c] + (8) h[c] + (8) nadph[c] <==> dpgpg[c] + (8) nadp[c],0.0,1000,0.0,1000,
ATIH,dggpi[c] + (8) h[c] + (8) nadph[c] <==> dpgpi[c] + (8) nadp[c],0.0,1000,0.0,1000,
ATSH,dgggps[c] + (8) h[c] + (8) nadph[c] <==> dpgps[c] + (8) nadp[c],0.0,1000,0.0,1000,
CDGGGPP3,cdgggp[c] + glyc1p[c] <==> cmp[c] + dggpgp[c] + h[c],0.0,1000,0.0,1000,
CDGGGPP4,3hcdgggp[c] + glyc1p[c] <==> 3hdggpgp[c] + cmp[c] + h[c],0.0,1000,0.0,1000,
CDGGGS,ctp[c] + dgggp[c] + h[c] <==> cdgggp[c] + ppi[c],0.0,1000,0.0,1000,
CDGGGS2,3hdgggp[c] + ctp[c] + h[c] <==> 3hcdgggp[c] + ppi[c],0.0,1000,0.0,1000,
CDGGGSAT,cdgggp[c] + ser-L[c] <==> cmp[c] + dgggps[c] + h[c],0.0,1000,0.0,1000,
CDGGGSAT2,3hcdgggp[c] + ser-L[c] <==> 3hdgggps[c] + cmp[c] + h[c],0.0,1000,0.0,1000,
CDGGIPT,cdgggp[c] + inost[c] <==> cmp[c] + dggpi[c] + h[c],0.0,1000,0.0,1000,
CDGGIPT2,3hcdgggp[c] + inost[c] <==> 3hdggpi[c] + cmp[c] + h[c],0.0,1000,0.0,1000,
DGGGPS,ggdp[c] + gggp[c] <==> dgggp[c] + ppi[c],0.0,1000,0.0,1000,
DGGGPS2,3hggdp[c] + gggp[c] <==> 3hdgggp[c] + ppi[c],0.0,1000,0.0,1000,
DGGPGP,dggpgp[c] + h2o[c] <==> dggpg[c] + pi[c],0.0,1000,0.0,1000,
DGGPGP2,3hdggpgp[c] + h2o[c] <==> 3hdggpg[c] + pi[c],0.0,1000,0.0,1000,
DGLYOX,glyald[c] + h2o[c] + nad[c] <==> glyc-R[c] + (2) h[c] + nadh[c],0.0,1000,0.0,1000,
DMATT,dmpp[c] + ipdp[c] <==> grdp[c] + ppi[c],0.0,1000,0.0,1000,
DMATT2,ipdp[c] + m3hdp[c] <==> 3hgrdp[c] + ppi[c],0.0,1000,0.0,1000,
FRTT,frdp[c] + ipdp[c] <==> ggdp[c] + ppi[c],0.0,1000,0.0,1000,
FRTT2,3hfrdp[c] + ipdp[c] <==> 3hggdp[c] + ppi[c],0.0,1000,0.0,1000,
G1PACT,accoa[c] + gam1p[c] <==> acgam1p[c] + coa[c] + h[c],0.0,1000,0.0,1000,
G1PDH,glyc1p[c] + nad[c] <==> dhap[c] + h[c] + nadh[c],-1000.0,1000,-1000.0,1000,
G1PTT,dttp[c] + g1p[c] + h[c] <==> dtdpglu[c] + ppi[c],0.0,1000,0.0,1000,
GALTNS,udpgal[c] <==> galactan[c] + h[c] + udp[c],0.0,1000,0.0,1000,
GGDPRED,ggdp[c] + (3) h[c] + (3) nadph[c] <==> (3) nadp[c] + phydp[c],0.0,1000,0.0,1000,
GGGPS,ggdp[c] + glyc1p[c] <==> gggp[c] + ppi[c],0.0,1000,0.0,1000,
GLYCDx,glyc[c] + nad[c] <==> dha[c] + h[c] + nadh[c],0.0,1000,0.0,1000,
GRTT,grdp[c] + ipdp[c] <==> frdp[c] + ppi[c],0.0,1000,0.0,1000,
GRTT2,3hgrdp[c] + ipdp[c] <==> 3hfrdp[c] + ppi[c],0.0,1000,0.0,1000,
HASD,3hdpgps[c] + h[c] <==> 3hdpgpe[c] + co2[c],0.0,1000,0.0,1000,
HATGH,3hdggpg[c] + (7) h[c] + (7) nadph[c] <==> 3hdpgpg[c] + (7) nadp[c],0.0,1000,0.0,1000,
HATIH,3hdggpi[c] + (7) h[c] + (7) nadph[c] <==> 3hdpgpi[c] + (7) nadp[c],0.0,1000,0.0,1000,
HATSH,3hdgggps[c] + (7) h[c] + (7) nadph[c] <==> 3hdpgps[c] + (7) nadp[c],0.0,1000,0.0,1000,
HBZOPT,4hbz[c] + octdp[c] <==> 3ophb[c] + ppi[c],0.0,1000,0.0,1000,
HMGCOARi,(2) h[c] + hmgcoa[c] + (2) nadph[c] <==> coa[c] + mev-R[c] + (2) nadp[c],0.0,1000,0.0,1000,
HMGCOASi,aacoa[c] + accoa[c] + h2o[c] <==> coa[c] + h[c] + hmgcoa[c],0.0,1000,0.0,1000,
IPDPH,ipdp[c] + h2o[c] <==> m3hdp[c],-1000.0,1000,-1000.0,1000,
IPPK,ipp[c] + atp[c] <==> adp[c] + ipdp[c],0.0,1000,0.0,1000,
MEVK1,atp[c] + mev-R[c] <==> 5pmev[c] + adp[c] + h[c],0.0,1000,0.0,1000,
OCTDPSYN,hepdp[c] + ipdp[c] <==> octdp[c] + ppi[c],0.0,1000,0.0,1000,
PGAMS,uacgam[c] <==> polyacgal[c] + h[c] + udp[c],0.0,1000,0.0,1000,
PGAMT,gam6p[c] <==> gam1p[c],0.0,1000,0.0,1000,
PGLCURS,udpglcur[c] <==> polyglcur[c] + h[c] + udp[c],0.0,1000,0.0,1000,
PMVD,5pmev[c] + h[c] <==> co2[c] + h2o[c] + ipp[c],0.0,1000,0.0,1000,
R04215,ctp[c] + glnam[c] <==> glnamcmp[c] + ppi[c],0.0,1000,0.0,1000,
R05680,glyc1p[c] + nadp[c] <==> dhap[c] + h[c] + nadph[c],0.0,1000,0.0,1000,
TDPDRE,dtdp4d6dg[c] <==> dtdp4d6dm[c],0.0,1000,0.0,1000,
TDPDRR,dtdp4d6dm[c] + h[c] + nadph[c] <==> dtdprmn[c] + nadp[c],0.0,1000,0.0,1000,
TDPGDH,dtdpglu[c] <==> dtdp4d6dg[c] + h2o[c],0.0,1000,0.0,1000,
UAG2EMA,h2o[c] + uacgam[c] <==> h[c] + udp[c] + acmana[c],0.0,1000,0.0,1000,
UAGDP,acgam1p[c] + h[c] + utp[c] <==> ppi[c] + uacgam[c],0.0,1000,0.0,1000,
MFRBS,4gggaepmamfr[c] + glu-L[c] <==> mfr_b[c] + h2o[c],0.0,1000,0.0,1000,
MFRS1,dhap[c] + pep[c] + h2o[c] <==> mfrbi1[c],0.0,1000,0.0,1000,
MFRS10,4gaepmamfr[c] + glu-L[c] <==> 4ggaepmamfr[c] + h2o[c],0.0,1000,0.0,1000,
MFRS11,4ggaepmamfr[c] + glu-L[c] <==> 4gggaepmamfr[c] + h2o[c],0.0,1000,0.0,1000,
MFRS2,mfrbi1[c] <==> mfrbi2[c] + pi[c],0.0,1000,0.0,1000,
MFRS3,mfrbi2[c] <==> mfrbi3[c] + h2o[c],0.0,1000,0.0,1000,
MFRS4,mfrbi3[c] <==> mfrbi4[c],0.0,1000,0.0,1000,
MFRS5,mfrbi4[c] <==> 24sf[c] + h2o[c],0.0,1000,0.0,1000,
MFRS6,24sf[c] + atp[c] + nadh[c] + h[c] <==> 2frald[c] + adp[c] + pi[c] + nad[c],0.0,1000,0.0,1000,
MFRS7,2frald[c] + glu-L[c] <==> 2mafr[c] + akg[c],0.0,1000,0.0,1000,
MFRS8,tym[c] + 2mafr[c] <==> aepmamfr[c] + pi[c],0.0,1000,0.0,1000,
MFRS9,aepmamfr[c] + glu-L[c] <==> 4gaepmamfr[c] + h2o[c],0.0,1000,0.0,1000,
TYRCBOX,h[c] + tyr-L[c] <==> co2[c] + tym[c],0.0,1000,0.0,1000,
ACKr,ac[c] + atp[c] <==> actp[c] + adp[c],-1000.0,1000,-1000.0,1000,
ATPS4r,(1) h[e] + (3) na1[e] + adp[c] + pi[c] <==> (0) h[c] + (3) na1[c] + atp[c] + h2o[c],0.0,1000,0.0,1000,
CM5HBCMT,com[c] + m5hbc[c] <==> mcom[c] + 5hbc_red[c] + h[c],-1000.0,1000,-1000.0,1000,
CODH2,co[c] + (2) fdox[c] + h2o[c] <==> co2[c] + (2) fdred[c] + (2) h[c],0.0,1000,0.0,1000,
CODH2_SIDERXN,co[c] + h2o[c] <==> for[c] + h[c],0.0,1000,0.0,1000,
CODH3,co[c] + coa[c] + mh4spt[c] <==> h4spt[c] + accoa[c],0.0,1000,0.0,1000,
CODHr,accoa[c] + (2) fdox[c] + h2o[c] + h4spt[c] <==> co2[c] + coa[c] + (2) fdred[c] + (2) h[c] + mh4spt[c],-1000.0,1000,-1000.0,1000,
DMAMT,dma[c] + h[c] + 5hbc_red[c] <==> mma[c] + m5hbc[c],0.0,1000,0.0,1000,
F4D,f420-2h2[c] + mphen[c] <==> f420-2[c] + (1) h[e] + mphenh2[c],0.0,1000,0.0,1000,
F4MTSPD,f420-2h2[c] + menylh4spt[c] <==> f420-2[c] + (2) h[c] + mleneh4spt[c],-1000.0,1000,-1000.0,1000,
F4MTSPR,f420-2h2[c] + mleneh4spt[c] <==> f420-2[c] + mh4spt[c] + h[c],-1000.0,1000,-1000.0,1000,
FAE,fald[c] + h4spt[c] <==> mleneh4spt[c] + h2o[c],0.0,1000,0.0,1000,
FMFD_b_,co2[c] + (2) fdred[c] + (2) h[c] + mfr_b[c] <==> (2) fdox[c] + formmfr_b[c] + h2o[c],-1000.0,1000,-1000.0,1000,
FMFTSPFT_b_,formmfr_b[c] + h4spt[c] <==> formh4spt[c] + mfr_b[c],-1000.0,1000,-1000.0,1000,
HDR,hsfd[c] + mphenh2[c] + (2) h[c] <==> cob[c] + com[c] + (2) h[e] + mphen[c],0.0,1000,0.0,0,
HDR-2,(4) fdred[c] + f420-2[c] + hsfd[c] + (5) h[c] <==> (4) fdox[c] + com[c] + cob[c] + f420-2h2[c],0.0,1000,0.0,0,
MCMMT,meoh[c] + 5hbc_red[c] + h[c] <==> h2o[c] + m5hbc[c],0.0,1000,-1000.0,1000,
MCR,cob[c] + mcom[c] <==> ch4[c] + hsfd[c],0.0,1000,0.0,0,
MMAMT,h[c] + mma[c] + 5hbc_red[c] <==> nh4[c] + m5hbc[c],0.0,1000,0.0,1000,
MSS,h2s[c] + m5hbc[c] <==> ch4s[c] + 5hbc_red[c] + h[c],0.0,1000,0.0,1000,
MTCMMT,dms[c] + h[c] + 5hbc_red[c] <==> ch4s[c] + m5hbc[c],-1000.0,1000,-1000.0,1000,
MTR_BYPASS,h[c] + mh4spt[c] + 5hbc_red[c] <==> h4spt[c] + m5hbc[c],0.0,1000,0.0,0,
MTSPC,formh4spt[c] + h[c] <==> h2o[c] + menylh4spt[c],-1000.0,1000,-1000.0,1000,
MTSPCMMT,h[c] + mh4spt[c] + 5hbc_red[c] + (2) na1[c] <==> h4spt[c] + m5hbc[c] + (2) na1[e],-1000.0,1000,-1000.0,1000,
PTAr,accoa[c] + pi[c] <==> actp[c] + coa[c],-1000.0,1000,-1000.0,1000,
RNF,(4) na1[c] + (2) fdred[c] + (2) h[c] + mphen[c] <==> (4) na1[e] + (2) fdox[c] + mphenh2[c],0.0,1000,0.0,1000,
TMAMT,tma[c] + 5hbc_red[c] + h[c] <==> dma[c] + m5hbc[c],0.0,1000,0.0,1000,
FRNR,(2) fdred[c] + h[c] + nadp[c] <==> (2) fdox[c] + nadph[c],0.0,1000,0.0,0,
F4NR,(1) f420-2h2[c] + nadp[c] <==> (1) f420-2[c] + nadph[c] + (2) h[c],-1000.0,1000,-1000.0,1000,
AHC,ahcys[c] + h2o[c] <==> adn[c] + hcys-L[c],0.0,1000,0.0,1000,
AHSERL2,achms[c] + h2s[c] <==> ac[c] + h[c] + hcys-L[c],0.0,1000,0.0,1000,
HSERTA,accoa[c] + hom-L[c] <==> achms[c] + coa[c],0.0,1000,0.0,1000,
METAT,atp[c] + h2o[c] + met-L[c] <==> amet[c] + pi[c] + ppi[c],0.0,1000,0.0,1000,
METGL,h2o[c] + met-L[c] <==> 2obut[c] + ch4s[c] + nh4[c],0.0,1000,0.0,1000,
METS,5mthf[c] + hcys-L[c] <==> met-L[c] + thf[c],0.0,1000,0.0,1000,
METTRS,atp[c] + met-L[c] + trnamet[c] <==> amp[c] + ppi[c] + mettrna[c],0.0,1000,0.0,1000,
HCARNHYD,4abut[c] + his-L[c] + h[c] <==> h2o[c] + hcarn[c],0.0,1000,0.0,1000,
NTRIR2x,(5) h[c] + (3) nadh[c] + no2[c] <==> (2) h2o[c] + (3) nad[c] + nh4[c],0.0,1000,0.0,1000,
NTRIR2y,(5) h[c] + (3) nadph[c] + no2[c] <==> (2) h2o[c] + (3) nadp[c] + nh4[c],0.0,1000,0.0,1000,
ADD,ade[c] + h[c] + h2o[c] <==> hxan[c] + nh4[c],0.0,1000,0.0,1000,
ADK1,amp[c] + atp[c] <==> (2) adp[c],-1000.0,1000,-1000.0,1000,
ADK2,amp[c] + pppi[c] <==> adp[c] + ppi[c],-1000.0,1000,-1000.0,1000,
ADK3,amp[c] + gtp[c] <==> adp[c] + gdp[c],-1000.0,1000,-1000.0,1000,
ADK4,amp[c] + itp[c] <==> adp[c] + idp[c],-1000.0,1000,-1000.0,1000,
ADKd,damp[c] + datp[c] <==> (2) dadp[c],-1000.0,1000,-1000.0,1000,
ADNCYC,atp[c] <==> camp[c] + ppi[c],0.0,1000,0.0,1000,
ADNK1,adn[c] + atp[c] <==> adp[c] + amp[c] + h[c],0.0,1000,0.0,1000,
ADPT,amp[c] + ppi[c] <==> ade[c] + prpp[c],-1000.0,1000,-1000.0,1000,
ADSL2,25aics[c] <==> aicar[c] + fum[c],-1000.0,1000,-1000.0,1000,
AICART,10fthf[c] + aicar[c] <==> fprica[c] + thf[c],-1000.0,1000,-1000.0,1000,
AIRC2,air[c] + atp[c] + hco3[c] <==> adp[c] + h[c] + pi[c] + 5caiz[c],0.0,1000,0.0,1000,
AIRC3,5aizc[c] <==> 5caiz[c],-1000.0,1000,-1000.0,1000,
ATPFORTRX,aicar[c] + atp[c] + for[c] <==> adp[c] + fprica[c] + pi[c],0.0,1000,0.0,1000,
ATPHs,atp[c] + h[c] + h2o[c] <==> itp[c] + nh4[c],0.0,1000,0.0,1000,
CSND,csn[c] + h[c] + h2o[c] <==> nh4[c] + ura[c],0.0,1000,0.0,1000,
CTPS1,atp[c] + nh4[c] + utp[c] <==> adp[c] + ctp[c] + (2) h[c] + pi[c],0.0,1000,0.0,1000,
CTPS2,atp[c] + gln-L[c] + h2o[c] + utp[c] <==> adp[c] + ctp[c] + glu-L[c] + (2) h[c] + pi[c],0.0,1000,0.0,1000,
CYTDK1,atp[c] + cytd[c] <==> adp[c] + cmp[c] + h[c],0.0,1000,0.0,1000,
CYTDK3,itp[c] + cytd[c] <==> idp[c] + cmp[c] + h[c],0.0,1000,0.0,1000,
CYTK1,atp[c] + cmp[c] <==> adp[c] + cdp[c],-1000.0,1000,-1000.0,1000,
CYTK2,atp[c] + dcmp[c] <==> adp[c] + dcdp[c],-1000.0,1000,-1000.0,1000,
CYTK5,ctp[c] + dcmp[c] <==> cdp[c] + dcdp[c],-1000.0,1000,-1000.0,1000,
DADK,atp[c] + damp[c] <==> adp[c] + dadp[c],-1000.0,1000,-1000.0,1000,
DATPHs,datp[c] + h[c] + h2o[c] <==> ditp[c] + nh4[c],0.0,1000,0.0,1000,
DCMPDA,dcmp[c] + h[c] + h2o[c] <==> dump[c] + nh4[c],-1000.0,1000,-1000.0,1000,
DCTPD,dctp[c] + h[c] + h2o[c] <==> dutp[c] + nh4[c],0.0,1000,0.0,1000,
DHORD7,dhor-S[c] + f420-2[c] + h[c] <==> f420-2h2[c] + orot[c],-1000.0,1000,-1000.0,1000,
DHORTS,dhor-S[c] + h2o[c] <==> cbasp[c] + h[c],-1000.0,1000,-1000.0,1000,
DNADDP,dnad[c] + h2o[c] <==> amp[c] + (2) h[c] + nicrnt[c],0.0,1000,0.0,1000,
DTMPK,atp[c] + dtmp[c] <==> adp[c] + dtdp[c],-1000.0,1000,-1000.0,1000,
DURIPP,duri[c] + pi[c] <==> 2dr1p[c] + ura[c],0.0,1000,0.0,1000,
DUTPDP,dutp[c] + h2o[c] <==> dump[c] + h[c] + ppi[c],0.0,1000,0.0,1000,
GARFT,10fthf[c] + gar[c] <==> fgam[c] + h[c] + thf[c],0.0,1000,0.0,1000,
GK1,atp[c] + gmp[c] <==> adp[c] + gdp[c],-1000.0,1000,-1000.0,1000,
GMPS,atp[c] + nh4[c] + xmp[c] <==> amp[c] + gmp[c] + (2) h[c] + ppi[c],0.0,1000,0.0,1000,
GSNK,atp[c] + gsn[c] <==> adp[c] + gmp[c] + h[c],0.0,1000,0.0,1000,
GTPCHIII,gtp[c] + (3) h2o[c] <==> fapy[c] + (2) pi[c] + (2) h[c],0.0,1000,0.0,1000,
GTPCHIV,gtp[c] + h2o[c] <==> for[c] + ppi[c] + dhp23cp[c],0.0,1000,0.0,1000,
GTPHs,gtp[c] + h[c] + h2o[c] <==> nh4[c] + xtp[c],0.0,1000,0.0,1000,
GUACYC,gtp[c] <==> 35cgmp[c] + ppi[c],0.0,1000,0.0,1000,
GUAD,gua[c] + h[c] + h2o[c] <==> nh4[c] + xan[c],0.0,1000,0.0,1000,
GUAPRT,gmp[c] + ppi[c] <==> gua[c] + prpp[c],-1000.0,1000,-1000.0,1000,
HXPRT,hxan[c] + prpp[c] <==> imp[c] + ppi[c],0.0,1000,0.0,1000,
IMPC,h2o[c] + imp[c] <==> fprica[c],-1000.0,1000,-1000.0,1000,
IMPD,h2o[c] + imp[c] + nad[c] <==> h[c] + nadh[c] + xmp[c],0.0,1000,0.0,1000,
INSK,atp[c] + ins[c] <==> adp[c] + h[c] + imp[c],0.0,1000,0.0,1000,
MTAP,5mta[c] + pi[c] <==> 5mdr1p[c] + ade[c],0.0,1000,0.0,1000,
MTRI,5mdr1p[c] <==> 5mdru1p[c],0.0,1000,0.0,1000,
NDPK1,atp[c] + gdp[c] <==> adp[c] + gtp[c],-1000.0,1000,-1000.0,1000,
NDPK10,atp[c] + didp[c] <==> adp[c] + ditp[c],0.0,1000,0.0,1000,
NDPK2,atp[c] + udp[c] <==> adp[c] + utp[c],-1000.0,1000,-1000.0,1000,
NDPK3,atp[c] + cdp[c] <==> adp[c] + ctp[c],-1000.0,1000,-1000.0,1000,
NDPK4,atp[c] + dtdp[c] <==> adp[c] + dttp[c],-1000.0,1000,-1000.0,1000,
NDPK5,atp[c] + dgdp[c] <==> adp[c] + dgtp[c],-1000.0,1000,-1000.0,1000,
NDPK6,atp[c] + dudp[c] <==> adp[c] + dutp[c],-1000.0,1000,-1000.0,1000,
NDPK7,atp[c] + dcdp[c] <==> adp[c] + dctp[c],-1000.0,1000,-1000.0,1000,
NDPK8,atp[c] + dadp[c] <==> adp[c] + datp[c],-1000.0,1000,-1000.0,1000,
NDPK9,atp[c] + idp[c] <==> adp[c] + itp[c],-1000.0,1000,-1000.0,1000,
NTD1,dump[c] + h2o[c] <==> duri[c] + pi[c],0.0,1000,0.0,1000,
NTD10,h2o[c] + xmp[c] <==> pi[c] + xtsn[c],0.0,1000,0.0,1000,
NTD11,h2o[c] + imp[c] <==> ins[c] + pi[c],0.0,1000,0.0,1000,
NTD2,h2o[c] + ump[c] <==> pi[c] + uri[c],0.0,1000,0.0,1000,
NTD3,dcmp[c] + h2o[c] <==> dcyt[c] + pi[c],0.0,1000,0.0,1000,
NTD4,cmp[c] + h2o[c] <==> cytd[c] + pi[c],0.0,1000,0.0,1000,
NTD5,dtmp[c] + h2o[c] <==> pi[c] + thymd[c],0.0,1000,0.0,1000,
NTD6,damp[c] + h2o[c] <==> dad-2[c] + pi[c],0.0,1000,0.0,1000,
NTD7,amp[c] + h2o[c] <==> adn[c] + pi[c],0.0,1000,0.0,1000,
NTD8,dgmp[c] + h2o[c] <==> dgsn[c] + pi[c],0.0,1000,0.0,1000,
NTD9,gmp[c] + h2o[c] <==> gsn[c] + pi[c],0.0,1000,0.0,1000,
NTP1,atp[c] + h2o[c] <==> adp[c] + h[c] + pi[c],0.0,1000,0.0,1000,
NTP2,datp[c] + h2o[c] <==> dadp[c] + h[c] + pi[c],0.0,1000,0.0,1000,
NTP3,gtp[c] + h2o[c] <==> gdp[c] + h[c] + pi[c],0.0,1000,0.0,1000,
NTP4,dgtp[c] + h2o[c] <==> dgdp[c] + h[c] + pi[c],0.0,1000,0.0,1000,
NTP5,ctp[c] + h2o[c] <==> cdp[c] + h[c] + pi[c],0.0,1000,0.0,1000,
NTP6,dctp[c] + h2o[c] <==> dcdp[c] + h[c] + pi[c],0.0,1000,0.0,1000,
NTP7,h2o[c] + utp[c] <==> h[c] + pi[c] + udp[c],0.0,1000,0.0,1000,
NTP8,dutp[c] + h2o[c] <==> dudp[c] + h[c] + pi[c],0.0,1000,0.0,1000,
NTP9,dttp[c] + h2o[c] <==> dtdp[c] + h[c] + pi[c],0.0,1000,0.0,1000,
NTPP11,h2o[c] + xtp[c] <==> h[c] + ppi[c] + xmp[c],0.0,1000,0.0,1000,
NTPTP1,dgtp[c] + h2o[c] <==> dgsn[c] + pppi[c],0.0,1000,0.0,1000,
OMPDC,h[c] + orot5p[c] <==> co2[c] + ump[c],0.0,1000,0.0,1000,
ORPT,orot5p[c] + ppi[c] <==> orot[c] + prpp[c],-1000.0,1000,-1000.0,1000,
PPKr,atp[c] + pi[c] <==> ppi[c] + adp[c],-1000.0,1000,-1000.0,1000,
PRAGSr,atp[c] + gly[c] + pram[c] <==> adp[c] + gar[c] + h[c] + pi[c],0.0,1000,0.0,1000,
PRAIS,atp[c] + fpram[c] <==> adp[c] + air[c] + (2) h[c] + pi[c],0.0,1000,0.0,1000,
PRASCS,5aizc[c] + asp-L[c] + atp[c] <==> 25aics[c] + adp[c] + h[c] + pi[c],-1000.0,1000,-1000.0,1000,
PRFGS,atp[c] + fgam[c] + gln-L[c] + h2o[c] <==> adp[c] + fpram[c] + glu-L[c] + h[c] + pi[c],0.0,1000,0.0,1000,
RNDR1,adp[c] + trdrd[c] <==> dadp[c] + h2o[c] + trdox[c],0.0,1000,0.0,1000,
RNDR2,gdp[c] + trdrd[c] <==> dgdp[c] + h2o[c] + trdox[c],0.0,1000,0.0,1000,
RNDR3,cdp[c] + trdrd[c] <==> dcdp[c] + h2o[c] + trdox[c],0.0,1000,0.0,1000,
RNDR4,trdrd[c] + udp[c] <==> dudp[c] + h2o[c] + trdox[c],0.0,1000,0.0,1000,
RNTR1,atp[c] + trdrd[c] <==> datp[c] + h2o[c] + trdox[c],0.0,1000,0.0,1000,
RNTR2,gtp[c] + trdrd[c] <==> dgtp[c] + h2o[c] + trdox[c],0.0,1000,0.0,1000,
RNTR3,ctp[c] + trdrd[c] <==> dctp[c] + h2o[c] + trdox[c],0.0,1000,0.0,1000,
RNTR4,trdrd[c] + utp[c] <==> dutp[c] + h2o[c] + trdox[c],0.0,1000,0.0,1000,
TMDK1,atp[c] + thymd[c] <==> adp[c] + dtmp[c] + h[c],0.0,1000,0.0,1000,
TMDPP,pi[c] + thymd[c] <==> 2dr1p[c] + thym[c],0.0,1000,0.0,1000,
TMDS,dump[c] + mlthf[c] <==> dhf[c] + dtmp[c],0.0,1000,0.0,1000,
TRDR,h[c] + nadph[c] + trdox[c] <==> nadp[c] + trdrd[c],0.0,1000,0.0,1000,
UMPK,atp[c] + ump[c] <==> adp[c] + udp[c],-1000.0,1000,-1000.0,1000,
URIDK2r,atp[c] + dump[c] <==> adp[c] + dudp[c],-1000.0,1000,-1000.0,1000,
XPPT,prpp[c] + xan[c] <==> ppi[c] + xmp[c],0.0,1000,0.0,1000,
YUMPS,r5p[c] + ura[c] <==> h2o[c] + psd5p[c],0.0,1000,0.0,1000,
ACLDC,alac-S[c] + h[c] <==> actn-R[c] + co2[c],0.0,1000,0.0,1000,
ADCPS1,adcobhex[c] + appl[c] + atp[c] <==> adocbi[c] + adp[c] + h[c] + pi[c],0.0,1000,0.0,1000,
ALACCBX,he2thpp[c] + pyr[c] <==> alac-S[c] + thmpp[c],0.0,1000,0.0,1000,
ALDD31,aacald[c] + h2o[c] + nad[c] <==> nadh[c] + gly[c] + (2) h[c],0.0,1000,0.0,1000,
ASNTRS2-1,trnaasn[c] + atp[c] + asp-L[c] <==> amp[c] + ppi[c] + asntrna_asp[c],0.0,1000,0.0,1000,
ASNTRS2-2,asntrna_asp[c] + gln-L[c] + atp[c] + h2o[c] <==> adp[c] + pi[c] + h[c] + glu-L[c] + asntrna[c],0.0,1000,0.0,1000,
ASPO2y,asp-L[c] + nadp[c] <==> h[c] + iasp[c] + nadph[c],0.0,1000,0.0,1000,
ATPM,atp[c] + h2o[c] <==> adp[c] + h[c] + pi[c],2.5,1000,2.5,1000,
CAT,(2) h2o2[c] <==> (2) h2o[c] + o2[c],0.0,1000,0.0,1000,
CMLDC,2c25dho[c] + h[c] <==> co2[c] + 5odhf2a[c],0.0,1000,0.0,1000,
CMPSAS,acnam[c] + ctp[c] <==> cmpacna[c] + ppi[c],0.0,1000,0.0,1000,
F4H2O,(2) f420-2h2[c] + o2[c] <==> (2) f420-2[c] + (2) h2o[c] + (2) h[c],0.0,1000,0.0,1000,
GCC,dhlpro[c] + nad[c] <==> h[c] + lpro[c] + nadh[c],0.0,1000,0.0,1000,
GLYOX,lgt-S[c] + h2o[c] <==> gthrd[c] + h[c] + lac-D[c],0.0,1000,0.0,1000,
HCO3E,co2[c] + h2o[c] <==> h[c] + hco3[c],-1000.0,1000,-1000.0,1000,
MHPGLUT,hcys-L[c] + mhpglu[c] <==> hpglu[c] + met-L[c],0.0,1000,0.0,1000,
MHPGLUT2,ahcys[c] + h[c] + mhpglu[c] <==> amet[c] + hpglu[c],0.0,1000,0.0,1000,
MI3PS,g6p[c] <==> mi3p-D[c],0.0,1000,0.0,1000,
NIT_n1p4,(16) atp[c] + (8) fdred[c] + (16) h2o[c] + n2[c] <==> (16) adp[c] + (8) fdox[c] + (6) h[c] + h2[c] + (2) nh4[c] + (16) pi[c],0.0,1000,0.0,1000,
NMNHYD,h2o[c] + nmn[c] <==> pi[c] + rnam[c],0.0,1000,0.0,1000,
OXADC,h[c] + oxa[c] <==> co2[c] + for[c],0.0,1000,0.0,1000,
PPK2,atp[c] + ppi[c] <==> adp[c] + pppi[c],0.0,1000,0.0,1000,
PRPPP,h2o[c] + prpp[c] <==> h[c] + pi[c] + r15bp[c],0.0,1000,0.0,1000,
PYRS-1,amet[c] + 1pyr5c[c] <==> 1pyr4m5c[c] + ahcys[c] + h[c],0.0,1000,0.0,1000,
PYRS-2,1pyr4m5c[c] + lys-L[c] + atp[c] <==> pyr-L[c] + adp[c] + pi[c] + h[c],0.0,1000,0.0,1000,
PYRTRS,pyr-L[c] + atp[c] + trnaala[c] <==> amp[c] + ppi[c] + pyrtrna[c],0.0,1000,0.0,1000,
R07405,5c5pdriaz[c] <==> 5aizc[c],0.0,1000,0.0,1000,
RBPI,r15bp[c] <==> rb15bp[c],0.0,1000,0.0,1000,
SDPTA,akg[c] + sl26da[c] <==> glu-L[c] + sl2a6o[c],0.0,1000,0.0,1000,
SPODM,(2) h[c] + (2) o2-[c] <==> h2o2[c] + o2[c],0.0,1000,0.0,1000,
SULR2,h2s[c] + (3) f420-2[c] + (3) h2o[c] + h[c] <==> (3) f420-2h2[c] + so3[c],-1000.0,1000,-1000.0,1000,
4ASD,4as[c] <==> h2o[c] + 4das[c],0.0,1000,0.0,1000,
4DHSD,4adhs[c] + (2) h[c] + nadh[c] <==> nad[c] + 4as[c],0.0,1000,0.0,1000,
4DHSS,4adhq[c] <==> 4adhs[c] + h2o[c] + h[c],0.0,1000,0.0,1000,
BRFAPS,4abz[c] + h[c] + prpp[c] <==> Brfap[c] + co2[c] + ppi[c],0.0,1000,0.0,1000,
DHNPA2,dhnpt[c] <==> 6hmhpt[c] + gcald[c] + h[c],0.0,1000,0.0,1000,
DHPCPH,dhp23cp[c] + h2o[c] <==> dhpmp[c] + h[c],0.0,1000,0.0,1000,
DHPS3,6hmhptpp[c] + Brfap[c] + h[c] <==> dhrfap[c] + ppi[c],0.0,1000,0.0,1000,
DHQAT,3dhq[c] + nh4[c] <==> 4adhq[c] + h2o[c],0.0,1000,0.0,1000,
DNMPPA,dhpmp[c] + h2o[c] <==> dhnpt[c] + pi[c],0.0,1000,0.0,1000,
H2MPTR,f420-2h2[c] + h2mpt[c] <==> f420-2[c] + h4mpt[c] + h[c],0.0,1000,0.0,1000,
H4MPTGL_atp_,atp[c] + glu-L[c] + h4mpt[c] <==> adp[c] + h[c] + h4spt[c] + pi[c],0.0,1000,0.0,1000,
H4MPTGL_gtp_,glu-L[c] + gtp[c] + h4mpt[c] <==> gdp[c] + h[c] + h4spt[c] + pi[c],0.0,1000,0.0,1000,
H4MPTS10,dhadrp[c] + h2o[c] <==> dhadr[c] + pi[c],0.0,1000,0.0,1000,
H4MPTS11,dhadr[c] + prpp[c] <==> dhadrpr[c] + ppi[c],0.0,1000,0.0,1000,
H4MPTS12,atp[c] + dhadrpr[c] <==> adp[c] + dhadrdpr[c],0.0,1000,0.0,1000,
H4MPTS13,atp[c] + dhadrdpr[c] <==> adp[c] + dhadrtpr[c],0.0,1000,0.0,1000,
H4MPTS14,S2hglut[c] + dhadrtpr[c] <==> dmh2mpt[c] + ppi[c],0.0,1000,0.0,1000,
H4MPTS15,amet[c] + dmh2mpt[c] <==> ahcys[c] + h[c] + mmh2mpt[c],0.0,1000,0.0,1000,
H4MPTS16,amet[c] + mmh2mpt[c] <==> ahcys[c] + h[c] + h2mpt[c],0.0,1000,0.0,1000,
H4MPTS9,dhrfap[c] + f420-2h2[c] <==> dhadrp[c] + f420-2[c] + h[c],0.0,1000,0.0,1000,
HPPK2,6hmhpt[c] + atp[c] <==> 6hmhptpp[c] + amp[c] + h[c],0.0,1000,0.0,1000,
BLAT,36dahx[c] + accoa[c] <==> coa[c] + h[c] + nabl[c],0.0,1000,0.0,1000,
DAPDC,26dap-M[c] + h[c] <==> co2[c] + lys-L[c],0.0,1000,0.0,1000,
DAPE,26dap-LL[c] <==> 26dap-M[c],-1000.0,1000,-1000.0,1000,
DAPNH4T,glu-L[c] + thdp[c] + h2o[c] <==> akg[c] + 26dap-LL[c],0.0,1000,0.0,1000,
DHDPRx,nad[c] + thdp[c] <==> 23dhdp[c] + h[c] + nadh[c],-1000.0,1000,-1000.0,1000,
DHDPRy,nadp[c] + thdp[c] <==> 23dhdp[c] + h[c] + nadph[c],-1000.0,1000,-1000.0,1000,
DHDPS,aspsa[c] + pyr[c] <==> 23dhdp[c] + (2) h2o[c],0.0,1000,0.0,1000,
HCITS,accoa[c] + akg[c] + h2o[c] <==> coa[c] + h[c] + hcit[c],0.0,1000,0.0,1000,
HSK,atp[c] + hom-L[c] <==> adp[c] + h[c] + phom[c],0.0,1000,0.0,1000,
LYSAM,lys-L[c] <==> 36dahx[c],0.0,1000,0.0,1000,
LYSTRS,atp[c] + lys-L[c] + trnalys[c] <==> amp[c] + ppi[c] + lystrna[c],0.0,1000,0.0,1000,
THRA2i,athr-L[c] <==> acald[c] + gly[c],0.0,1000,0.0,1000,
THRAr,thr-L[c] <==> acald[c] + gly[c],-1000.0,1000,-1000.0,1000,
THRS,h2o[c] + phom[c] <==> pi[c] + thr-L[c],0.0,1000,0.0,1000,
THRTRS,atp[c] + thr-L[c] + trnathr[c] <==> amp[c] + ppi[c] + thrtrna[c],0.0,1000,0.0,1000,
4ABZt2r,4abz[e] + h[e] <==> 4abz[c] + h[c],0.0,1000,0.0,1000,
ACt3r,ac[e] <==> ac[c],-1000.0,1000,-1000.0,1000,
ACTNt2r,actn-R[c] + (0) h[c] <==> actn-R[e] + (0) h[e],0.0,1000,0.0,1000,
ALACt2r,alac-S[e] + h[e] <==> alac-S[c] + h[c],0.0,1000,0.0,1000,
ALAt4r,ala-L[e] + na1[e] <==> ala-L[c] + na1[c],0.0,1000,0.0,1000,
ATPS1,atp[c] + h[c] + h2o[c] <==> adp[c] + (2) h[e] + pi[c],0.0,1000,0.0,0,
BTNabc,btn[e] + atp[c] + h2o[c] <==> btn[c] + adp[c] + pi[c] + h[c],0.0,1000,0.0,1000,
BTNt2i,btn[e] + h[e] <==> btn[c] + h[c],0.0,1000,0.0,1000,
CA2abc,atp[c] + ca2[e] + h2o[c] <==> adp[c] + ca2[c] + h[c] + pi[c],0.0,1000,0.0,1000,
CAt6,ca2[c] + na1[e] <==> ca2[e] + na1[c],-1000.0,1000,-1000.0,1000,
CBIabc,atp[c] + cbi[e] + h2o[c] <==> adp[c] + cbi[c] + h[c] + pi[c],0.0,1000,0.0,1000,
CBL1abc,atp[c] + cbl1[e] + h2o[c] <==> adp[c] + cbl1[c] + h[c] + pi[c],0.0,1000,0.0,1000,
CBL1HBIabc,atp[c] + cbl1hbi[e] + h2o[c] <==> adp[c] + cbl1hbi[c] + h[c] + pi[c],0.0,1000,0.0,1000,
CD2abc1,atp[c] + cd2[c] + h2o[c] <==> adp[c] + cd2[e] + h[c] + pi[c],0.0,1000,0.0,1000,
CD2t4,cd2[c] + h[e] + k[e] <==> cd2[e] + h[c] + k[c],-1000.0,1000,0.0,0,
CH4St,ch4s[e] <==> ch4s[c],-1000.0,1000,-1000.0,1000,
CH4t,ch4[c] <==> ch4[e],-1000.0,1000,-1000.0,1000,
Clt,cl[e] <==> cl[c],-1000.0,1000,-1000.0,1000,
CO2t,co2[c] <==> co2[e],-1000.0,1000,-1000.0,1000,
Coabc,atp[c] + cobalt2[e] + h2o[c] <==> adp[c] + cobalt2[c] + h[c] + pi[c],0.0,1000,0.0,1000,
COBALTt5,cobalt2[c] <==> cobalt2[e],-1000.0,1000,-1000.0,1000,
COt,co[e] <==> co[c],0.0,1000,0.0,1000,
Cuabc,atp[c] + cu2[e] + h2o[c] <==> adp[c] + cu2[c] + h[c] + pi[c],0.0,1000,0.0,1000,
Cut1,atp[c] + cu2[c] + h2o[c] <==> adp[c] + cu2[e] + h[c] + pi[c],0.0,1000,0.0,1000,
CYSt2r,cys-L[e] + h[e] <==> cys-L[c] + h[c],0.0,1000,0.0,1000,
DMAt,h[e] + dma[e] <==> h[c] + dma[c],0.0,1000,0.0,1000,
DMSt,dms[e] <==> dms[c],0.0,1000,-1000.0,1000,
ETHAt6,etha[e] + h[e] <==> etha[c] + h[c],0.0,1000,0.0,1000,
FE2abc,atp[c] + fe2[e] + h2o[c] <==> adp[c] + fe2[c] + h[c] + pi[c],0.0,1000,0.0,1000,
FE3abc,atp[c] + fe3[e] + h2o[c] <==> adp[c] + fe3[c] + h[c] + pi[c],0.0,1000,0.0,1000,
FEDCabc,atp[c] + (2) cit[e] + fe3[e] + h2o[c] <==> adp[c] + (2) cit[c] + fe3[c] + h[c] + pi[c],0.0,1000,0.0,1000,
FOLt,fol[e] + h[e] <==> fol[c] + h[c],-1000.0,1000,-1000.0,1000,
FORt,for[c] + (0) h[c] <==> for[e] + (0) h[e],-1000.0,1000,-1000.0,1000,
GCALDt,gcald[e] <==> gcald[c],-1000.0,1000,-1000.0,1000,
GLCNt2r,glcn[e] + h[e] <==> glcn[c] + h[c],0.0,1000,0.0,1000,
GLUt2r,glu-L[e] + h[e] <==> glu-L[c] + h[c],0.0,1000,0.0,1000,
GLUt4,glu-L[e] + na1[e] <==> glu-L[c] + na1[c],0.0,1000,0.0,1000,
GLYBabc,atp[c] + glyb[e] + h2o[c] <==> adp[c] + glyb[c] + h[c] + pi[c],0.0,1000,0.0,1000,
GLYt4r,gly[e] + na1[e] <==> gly[c] + na1[c],-1000.0,1000,-1000.0,1000,
H2Ot,h2o[e] <==> h2o[c],-1000.0,1000,-1000.0,1000,
H2St,h2s[e] <==> h2s[c],-1000.0,1000,-1000.0,1000,
H2td,h2[c] <==> h2[e],-1000.0,1000,-1000.0,1000,
HKt,atp[c] + h2o[c] + k[e] <==> adp[c] + h[e] + k[c] + pi[c],0.0,1000,0.0,0,
HPACt2r,4hphac[e] + h[e] <==> 4hphac[c] + h[c],0.0,1000,0.0,1000,
ILEt2r,h[e] + ile-L[e] <==> h[c] + ile-L[c],0.0,1000,0.0,1000,
IND3ACt2r,h[c] + ind3ac[c] <==> h[e] + ind3ac[e],0.0,1000,0.0,1000,
KCCt,cl[c] + k[c] <==> cl[e] + k[e],0.0,1000,0.0,0,
Kt2r,h[e] + k[e] <==> h[c] + k[c],-1000.0,1000,0.0,0,
LEUt2r,h[e] + leu-L[e] <==> h[c] + leu-L[c],0.0,1000,0.0,1000,
LYSt3r,h[e] + lys-L[c] <==> h[c] + lys-L[e],0.0,1000,0.0,1000,
MEOHt2,meoh[e] <==> meoh[c],-1000.0,1000,-1000.0,1000,
MG2abc,atp[c] + h2o[c] + mg2[e] <==> adp[c] + h[c] + mg2[c] + pi[c],0.0,1000,0.0,1000,
MGt5,mg2[c] <==> mg2[e],-1000.0,1000,-1000.0,1000,
MMAt,h[e] + mma[e] <==> h[c] + mma[c],0.0,1000,0.0,1000,
MNabc,atp[c] + h2o[c] + mn2[e] <==> adp[c] + h[c] + mn2[c] + pi[c],0.0,1000,0.0,1000,
MOBDabc,atp[c] + h2o[c] + mobd[e] <==> adp[c] + h[c] + mobd[c] + pi[c],0.0,1000,0.0,1000,
N2tr,n2[e] <==> n2[c],-1000.0,1000,-1000.0,1000,
Naabc,atp[c] + h2o[c] + na1[c] <==> adp[c] + h[c] + pi[c] + na1[e],0.0,1000,0.0,1000,
NACUP,nac[e] <==> nac[c],0.0,1000,0.0,1000,
NaKt_1,atp[c] + h2o[c] + k[e] + na1[c] <==> adp[c] + h[c] + k[c] + na1[e] + pi[c],0.0,1000,0.0,0,
NAt3_1,(1) h[e] + (2) na1[c] <==> (1) h[c] + (2) na1[e],-1000.0,1000,-1000.0,1000,
NCCt,na1[e] + cl[c] <==> na1[c] + cl[e],0.0,1000,0.0,0,
NH4t,nh4[e] <==> nh4[c],-1000.0,1000,-1000.0,1000,
NIabc,atp[c] + h2o[c] + ni2[e] <==> adp[c] + h[c] + ni2[c] + pi[c],0.0,1000,0.0,1000,
PACt2r,h[e] + pac[e] <==> h[c] + pac[c],0.0,1000,0.0,1000,
PIabc,atp[c] + h2o[c] + pi[e] <==> adp[c] + h[c] + (2) pi[c],0.0,1000,0.0,1000,
PIt,pi[e] + h[e] <==> pi[c] + h[c],0.0,1000,0.0,1000,
PNTOt2,h[e] + pnto-R[e] <==> h[c] + pnto-R[c],0.0,1000,0.0,1000,
PPA_1,h2o[c] + ppi[c] <==> h[e] + (2) pi[c],0.0,1000,0.0,1000,
PPA_3,h2o[c] + ppi[c] + na1[c] <==> na1[e] + (2) pi[c] + h[c],0.0,1000,0.0,1000,
PROabc,atp[c] + h2o[c] + pro-L[e] <==> adp[c] + h[c] + pi[c] + pro-L[c],0.0,1000,0.0,1000,
PROt4,na1[e] + pro-L[e] <==> na1[c] + pro-L[c],0.0,1000,0.0,1000,
PYRt2,h[e] + pyr[e] <==> h[c] + pyr[c],-1000.0,1000,-1000.0,1000,
RIBFLVt2,h[e] + ribflv[e] <==> h[c] + ribflv[c],0.0,1000,0.0,1000,
SO4t2,so4[e] + h[e] <==> so4[c] + h[c],0.0,1000,0.0,1000,
SULabc,atp[c] + h2o[c] + so4[e] <==> adp[c] + h[c] + pi[c] + so4[c],0.0,1000,0.0,1000,
THMabc,atp[c] + h2o[c] + thm[e] <==> adp[c] + h[c] + pi[c] + thm[c],0.0,1000,0.0,1000,
TMAt2,h[e] + tma[e] <==> h[c] + tma[c],0.0,1000,0.0,1000,
TRPt2r,trp-L[c] + h[c] <==> trp-L[e] + h[e],0.0,1000,0.0,1000,
UNK_CBL1DEGt,unknown_cbl1deg[e] <==> unknown_cbl1deg[c],-1000.0,1000,-1000.0,1000,
UNK_RBFDEGt,unknown_rbfdeg[e] <==> unknown_rbfdeg[c],-1000.0,1000,-1000.0,1000,
VALt2r,h[e] + val-L[e] <==> h[c] + val-L[c],0.0,1000,0.0,1000,
WO4abc,wo4[e] + atp[c] + h2o[c] <==> adp[c] + h[c] + pi[c] + wo4[c],0.0,1000,0.0,1000,
ZN2t4,zn2[c] + h[e] + k[e] <==> zn2[e] + h[c] + k[c],-1000.0,1000,0.0,0,
ZNabc,atp[c] + h2o[c] + zn2[e] <==> adp[c] + h[c] + pi[c] + zn2[c],0.0,1000,0.0,1000,
Znabc2,atp[c] + zn2[c] + h2o[c] <==> adp[c] + h[c] + pi[c] + zn2[e],0.0,1000,0.0,1000,
ALDD20x,h2o[c] + id3acald[c] + nad[c] <==> (2) h[c] + ind3ac[c] + nadh[c],0.0,1000,0.0,1000,
ANPRT,ppi[c] + pran[c] <==> anth[c] + prpp[c],-1000.0,1000,-1000.0,1000,
ANS,chor[c] + gln-L[c] <==> anth[c] + glu-L[c] + h[c] + pyr[c],0.0,1000,0.0,1000,
ANS2,chor[c] + nh4[c] <==> anth[c] + h[c] + h2o[c] + pyr[c],0.0,1000,0.0,1000,
CHORS,3psme[c] <==> chor[c] + pi[c],0.0,1000,0.0,1000,
CHRPL,chor[c] <==> 4hbz[c] + pyr[c],0.0,1000,0.0,1000,
DHQD,3dhq[c] <==> 3dhsk[c] + h2o[c],0.0,1000,0.0,1000,
DHQS2,dohdu[c] <==> 3dhq[c],0.0,1000,0.0,1000,
DKFPASPL,aspsa[c] + dkfp[c]  + nadh[c] + h[c] <==> dohau[c] + g3p[c] + nad[c],0.0,1000,0.0,1000,
DKFPR,dkfp[c] + h[c] + nadh[c] <==> dkmp[c] + nad[c],-1000.0,1000,-1000.0,1000,
DOHDUS,dohau[c] + h2o[c] + nad[c] <==> dohdu[c] + h[c] + nadh[c] + nh4[c],0.0,1000,0.0,1000,
HPYRRx,h[c] + hpyr[c] + nadh[c] <==> glyc-R[c] + nad[c],0.0,1000,0.0,1000,
HPYRRy,h[c] + hpyr[c] + nadph[c] <==> glyc-R[c] + nadp[c],0.0,1000,0.0,1000,
IGPS,2cpr5p[c] + h[c] <==> 3ig3p[c] + co2[c] + h2o[c],-1000.0,1000,-1000.0,1000,
INDPYRD,h[c] + indpyr[c] <==> co2[c] + id3acald[c],0.0,1000,0.0,1000,
IOR,coa[c] + (2) fdox[c] + indpyr[c] <==> co2[c] + (2) fdred[c] + h[c] + indaccoa[c],-1000.0,1000,-1000.0,1000,
IOR2,coa[c] + (2) fdox[c] + phpyr[c] <==> co2[c] + (2) fdred[c] + h[c] + phaccoa[c],-1000.0,1000,-1000.0,1000,
IOR3,34hpp[c] + coa[c] + (2) fdox[c] <==> co2[c] + (2) fdred[c] + h[c] + hphaccoa[c],-1000.0,1000,-1000.0,1000,
PACCOAL,atp[c] + coa[c] + pac[c] <==> amp[c] + phaccoa[c] + ppi[c],0.0,1000,0.0,1000,
PACCOAL2,4hphac[c] + atp[c] + coa[c] <==> amp[c] + ppi[c] + hphaccoa[c],0.0,1000,0.0,1000,
PACCOAL3,atp[c] + coa[c] + ind3ac[c] <==> amp[c] + indaccoa[c] + ppi[c],0.0,1000,0.0,1000,
PHETA1,akg[c] + phe-L[c] <==> glu-L[c] + phpyr[c],-1000.0,1000,-1000.0,1000,
PHETRS,atp[c] + phe-L[c] + trnaphe[c] <==> amp[c] + ppi[c] + phetrna[c],0.0,1000,0.0,1000,
PPNDH,h[c] + pphn[c] <==> co2[c] + h2o[c] + phpyr[c],0.0,1000,0.0,1000,
PRAIi,pran[c] <==> 2cpr5p[c],-1000.0,1000,-1000.0,1000,
PSCVT,pep[c] + skm5p[c] <==> 3psme[c] + pi[c],-1000.0,1000,-1000.0,1000,
SHK3Dr,nadp[c] + skm[c] <==> 3dhsk[c] + h[c] + nadph[c],-1000.0,1000,-1000.0,1000,
SHKK,atp[c] + skm[c] <==> adp[c] + h[c] + skm5p[c],0.0,1000,0.0,1000,
TRPS1,3ig3p[c] + ser-L[c] <==> g3p[c] + h2o[c] + trp-L[c],0.0,1000,0.0,1000,
TRPS2,indole[c] + ser-L[c] <==> h2o[c] + trp-L[c],0.0,1000,0.0,1000,
TRPS3,3ig3p[c] <==> g3p[c] + indole[c],-1000.0,1000,-1000.0,1000,
TRPTA,akg[c] + trp-L[c] <==> glu-L[c] + indpyr[c],-1000.0,1000,-1000.0,1000,
TRPTRS,atp[c] + trp-L[c] + trnatrp[c] <==> amp[c] + ppi[c] + trptrna[c],0.0,1000,0.0,1000,
TYRTA,akg[c] + tyr-L[c] <==> 34hpp[c] + glu-L[c],-1000.0,1000,-1000.0,1000,
TYRTRS,atp[c] + tyr-L[c] + trnatyr[c] <==> amp[c] + ppi[c] + tyrtrna[c],0.0,1000,0.0,1000,
2H3MOAOX,23dhmb[c] + nadp[c] <==> h[c] + nadph[c] + 2h3moa[c],0.0,1000,0.0,1000,
2MOPRED,2mop[c] + h2o[c] + nad[c] <==> (2) h[c] + mmal[c] + nadh[c],0.0,1000,0.0,1000,
2OBUTHE2THPPTRX,2obut[c] + he2thpp[c] <==> 2ahbut[c] + thmpp[c],0.0,1000,0.0,1000,
ACLS,h[c] + (2) pyr[c] <==> alac-S[c] + co2[c],0.0,1000,0.0,1000,
DHAD1,23dhmb[c] <==> 3mob[c] + h2o[c],0.0,1000,0.0,1000,
DHAD2,23dhmp[c] <==> 3mop[c] + h2o[c],0.0,1000,0.0,1000,
HIBD,3hmp[c] + nad[c] <==> 2mop[c] + h[c] + nadh[c],0.0,1000,0.0,1000,
ILETA,akg[c] + ile-L[c] <==> 3mop[c] + glu-L[c],-1000.0,1000,-1000.0,1000,
ILETRS,atp[c] + ile-L[c] + trnaile[c] <==> amp[c] + ppi[c] + iletrna[c],0.0,1000,0.0,1000,
IPMD,3c2hmp[c] + nad[c] <==> 3c4mop[c] + h[c] + nadh[c],-1000.0,1000,-1000.0,1000,
IPPMIa,3c2hmp[c] <==> 2ippm[c] + h2o[c],-1000.0,1000,-1000.0,1000,
IPPMIb,2ippm[c] + h2o[c] <==> 3c3hmp[c],-1000.0,1000,-1000.0,1000,
IPPS,3mob[c] + accoa[c] + h2o[c] <==> 3c3hmp[c] + coa[c] + h[c],0.0,1000,0.0,1000,
KARA1,23dhmb[c] + nadp[c] <==> alac-S[c] + h[c] + nadph[c],-1000.0,1000,-1000.0,1000,
KARA2,2ahbut[c] + h[c] + nadph[c] <==> 23dhmp[c] + nadp[c],-1000.0,1000,-1000.0,1000,
LEUTA,akg[c] + leu-L[c] <==> 4mop[c] + glu-L[c],-1000.0,1000,-1000.0,1000,
LEUTRS,atp[c] + leu-L[c] + trnaleu[c] <==> amp[c] + ppi[c] + leutrna[c],0.0,1000,0.0,1000,
OMCDC,3c4mop[c] + h[c] <==> 4mop[c] + co2[c],0.0,1000,0.0,1000,
PYRTHMPPTRX,pyr[c] + thmpp[c] + h[c] <==> he2thpp[c] + co2[c],0.0,1000,0.0,1000,
R03896,r2mmal[c] <==> citrac[c] + h2o[c],0.0,1000,0.0,1000,
R2MMALSYN,accoa[c] + h2o[c] + pyr[c] <==> coa[c] + r2mmal[c] + h[c],0.0,1000,0.0,1000,
VALTA,akg[c] + val-L[c] <==> 3mob[c] + glu-L[c],-1000.0,1000,-1000.0,1000,
VALTRS,atp[c] + val-L[c] + trnaval[c] <==> amp[c] + ppi[c] + valtrna[c],0.0,1000,0.0,1000,
2PLS,gtp[c] + lac-L[c] <==> 2plac-L[c] + gdp[c] + h[c],0.0,1000,0.0,1000,
5HBCOX,(2) h[c] + (2) 5hbc_red[c] <==> (2) 5hbc[c] + h2[c],0.0,0,0.0,0,
5HBCR,atp[c] + fdred[c] + h2o[c] + 5hbc[c] <==> adp[c] + fdox[c] + h[c] + pi[c] + 5hbc_red[c],0.0,1000,0.0,1000,
5HBZIDS,ribflv[c] <==> unknown_rbfdeg[c] + 5hbzid[c],0.0,1000,0.0,1000,
ACBIPGT,adocbip[c] + gtp[c] + h[c] <==> agdpcbi[c] + ppi[c],0.0,1000,0.0,1000,
ACP1_FMN_,fmn[c] + h2o[c] <==> pi[c] + ribflv[c],0.0,1000,0.0,1000,
ADCBHBIR,adocblhbi[c] + h2o[c] <==> adn[c] + h[c] + 5hbc_red[c],0.0,1000,0.0,1000,
ADCL2,4das[c] <==> h2o[c] + 4abz[c] + h[c],0.0,1000,0.0,1000,
ADCPS2,adcobhex[c] + applp[c] + atp[c] <==> adocbip[c] + adp[c] + h[c] + pi[c],0.0,1000,0.0,1000,
ADCYRS,adcobdam[c] + (4) atp[c] + (4) gln-L[c] + (4) h2o[c] <==> adcobhex[c] + (4) adp[c] + (4) glu-L[c] + (4) h[c] + (4) pi[c],0.0,1000,0.0,1000,
ADOCBIAH,adocbi[c] + h2o[c] <==> adcobhex[c] + appl[c],0.0,1000,0.0,1000,
ADOCBLS2,agdpcbi[c] + r5hbzi[c] <==> adocblhbi[c] + gmp[c] + h[c],0.0,1000,0.0,1000,
AHGDx,S2hglut[c] + nad[c] <==> akg[c] + h[c] + nadh[c],-1000.0,1000,-1000.0,1000,
AHMMPS,air[c] + nadh[c] + (2) h[c] <==> 4ahmmp[c] + gcald[c] + pi[c] + nad[c],0.0,1000,0.0,1000,
AKP1,ahdt[c] + (3) h2o[c] <==> dhnpt[c] + (2) h[c] + (3) pi[c],0.0,1000,0.0,1000,
ALKP,dhap[c] + h2o[c] <==> dha[c] + pi[c],0.0,1000,0.0,1000,
AMAOTr,amet[c] + 8aonn[c] <==> amob[c] + dann[c],0.0,1000,0.0,1000,
AMPMS2,air[c] + h2o[c] + nad[c] <==> 4ampm[c] + (2) for[c] + (3) h[c] + nadh[c],0.0,1000,0.0,1000,
AOXSr,ala-L[c] + h[c] + pmcoa[c] <==> co2[c] + coa[c] + 8aonn[c],-1000.0,1000,-1000.0,1000,
APPLP,appl[c] + atp[c] <==> adp[c] + applp[c] + h[c],0.0,1000,0.0,1000,
ASPO2x,asp-L[c] + nad[c] <==> h[c] + iasp[c] + nadh[c],0.0,1000,0.0,1000,
BACCL,atp[c] + btn[c] + h[c] <==> btamp[c] + ppi[c],0.0,1000,0.0,1000,
BSPRR,(2) h2s[c] + (2) fe2[c] + (2) fdox[c] + btnp[c] <==> (2) fdred[c] + (4) h[c] + btnp-s2[c],0.0,1000,0.0,1000,
BTS5,dtbt[c] + btnp-s2[c] + (2) fdox[c] <==> btn[c] + (2) fe2[c] + h2s[c] + btnp[c] + (2) fdred[c],0.0,1000,0.0,1000,
CBIAT,atp[c] + cbi[c] + h[c] <==> adocbi[c] + pppi[c],0.0,1000,0.0,1000,
CBLAT2,atp[c] + cbl1hbi[c] + h[c] <==> adocblhbi[c] + pppi[c],0.0,1000,0.0,1000,
CBLD,cbl1[c] <==> cbi[c] + unknown_cbl1deg[c],0.0,1000,0.0,1000,
CF3Ha,f390a[c] + h2o[c] <==> amp[c] + f420-2[c] + (2) h[c],0.0,1000,0.0,1000,
CF3Hg,f390g[c] + h2o[c] <==> f420-2[c] + gmp[c] + h[c],0.0,1000,0.0,1000,
CF3Sa,atp[c] + f420-2[c] + h[c] <==> f390a[c] + ppi[c],0.0,1000,0.0,1000,
CF3Sg,f420-2[c] + gtp[c] <==> f390g[c] + ppi[c],0.0,1000,0.0,1000,
COCHL,atp[c] + cobalt2[c] + h2o[c] + hgbam[c] <==> adp[c] + co2dam[c] + (4) h[c] + pi[c],0.0,1000,0.0,1000,
CPC2MT,amet[c] + copre2[c] <==> ahcys[c] + copre3[c] + h[c],0.0,1000,0.0,1000,
CPC3MT,amet[c] + copre3[c] <==> ahcys[c] + copre4[c],0.0,1000,0.0,1000,
CPC4MT,amet[c] + copre4[c] <==> ahcys[c] + copre5[c] + h[c],0.0,1000,0.0,1000,
CPC5MT,amet[c] + copre5[c] + h2o[c] <==> acald[c] + ahcys[c] + copre6[c] + (2) h[c],0.0,1000,0.0,1000,
CPC6MT,(2) amet[c] + codhpre6[c] <==> (2) ahcys[c] + co2[c] + copre8[c] + (2) h[c],0.0,1000,0.0,1000,
CPC6R,copre6[c] + nadph[c] + (2) h[c] <==> codhpre6[c] + nadp[c],0.0,1000,0.0,1000,
CPC8MM,copre8[c]  + h[c] <==> cobya[c],0.0,1000,0.0,1000,
CYRDAAT,atp[c] + co1dam[c] + h[c] <==> adcobdam[c] + pppi[c],0.0,1000,0.0,1000,
CYRDAR,(2) co2dam[c] + nadh[c] <==> (2) co1dam[c] + h[c] + nad[c],0.0,1000,0.0,1000,
CYRDAS,(2) atp[c] + cobya[c] + (2) gln-L[c] + h2o[c] <==> (2) adp[c] + co2dam[c] + (2) glu-L[c] + h[c] + ppi[c],0.0,1000,0.0,1000,
DB4PS,ru5p-D[c] <==> db4p[c] + for[c] + h[c],0.0,1000,0.0,1000,
DBTSr,atp[c] + co2[c] + dann[c] <==> adp[c] + dtbt[c] + (3) h[c] + pi[c],0.0,1000,0.0,1000,
DHFR,dhf[c] + h[c] + nadph[c] <==> nadp[c] + thf[c],-1000.0,1000,-1000.0,1000,
DHFS,atp[c] + dhpt[c] + glu-L[c] <==> adp[c] + dhf[c] + h[c] + pi[c],0.0,1000,0.0,1000,
DHPS2,4abz[c] + 6hmhptpp[c] + h[c] <==> dhpt[c] + ppi[c],0.0,1000,0.0,1000,
DMHDRFS,34hpp[c] + 4r5au[c] + h2o[c] + (2) nadp[c] <==> ddhrb[c] + (3) h[c] + (2) nadph[c] + nh4[c] + oxa[c],0.0,1000,0.0,1000,
DROPPRx,25dhpp[c] + h[c] + nadh[c] <==> 25dthpp[c] + nad[c],0.0,1000,0.0,1000,
DROPPRy,25dhpp[c] + h[c] + nadph[c] <==> 25dthpp[c] + nadp[c],0.0,1000,0.0,1000,
DRTPPD,25dthpp[c] + h[c] + h2o[c] <==> 5aprbu[c] + nh4[c],0.0,1000,0.0,1000,
F430S1,(2) atp[c] + dscl[c] + (2) gln-L[c] + (2) h2o[c] + ni2[c] <==> (2) adp[c] + f430p1[c] + (2) glu-L[c] + (4) h[c] + (2) pi[c],0.0,1000,0.0,1000,
F430S2,f430p1[c] + h[c] + nadh[c] <==> f430p2[c] + nad[c],0.0,1000,0.0,1000,
F430S3,f430p2[c] + h[c] + nadh[c] <==> f430p3[c] + nad[c],0.0,1000,0.0,1000,
F430S4,f430p3[c] <==> sf430a[c],0.0,1000,0.0,1000,
F430S5,h[c] + sf430a[c] <==> f430[c] + h2o[c],0.0,1000,0.0,1000,
FAPH,fapy[c] + h2o[c] <==> for[c] + 25dhpp[c] + h[c],0.0,1000,0.0,1000,
FMNAT,atp[c] + fmn[c] + h[c] <==> fad[c] + ppi[c],0.0,1000,0.0,1000,
FMNAT_CTP_,ctp[c] + fmn[c] + h[c] <==> fcd[c] + ppi[c],0.0,1000,0.0,1000,
FMNAT_GTP_,gtp[c] + fmn[c] + h[c] <==> fgd[c] + ppi[c],0.0,1000,0.0,1000,
FOLR2,fol[c] + nadph[c] + (2) h[c] <==> dhf[c] + nadp[c],0.0,1000,0.0,1000,
G1SATi,glu1sa[c] <==> 5aop[c] + h[c],0.0,1000,0.0,1000,
GF4GL_0,f420-0[c] + glu-L[c] + gtp[c] <==> f420-1[c] + gdp[c] + h[c] + pi[c],0.0,1000,0.0,1000,
GF4GL_1,f420-1[c] + glu-L[c] + gtp[c] <==> f420-2[c] + gdp[c] + h[c] + pi[c],0.0,1000,0.0,1000,
GF4GL_2,f420-2[c] + glu-L[c] + gtp[c] <==> f420-3[c] + gdp[c] + h[c] + pi[c],0.0,1000,0.0,1000,
GF4GL_3,f420-3[c] + glu-L[c] + gtp[c] <==> f420-4[c] + gdp[c] + h[c] + pi[c],0.0,1000,0.0,1000,
GF4GL_4,f420-4[c] + glu-L[c] + gtp[c] <==> f420-5[c] + gdp[c] + h[c] + pi[c],0.0,1000,0.0,1000,
GF4GL_5,f420-5[c] + glu-L[c] + gtp[c] <==> f420-6[c] + gdp[c] + h[c] + pi[c],0.0,1000,0.0,1000,
GF4GL_6,f420-6[c] + glu-L[c] + gtp[c] <==> f420-7[c] + gdp[c] + h[c] + pi[c],0.0,1000,0.0,1000,
GLUTRR,glutrna[c] + (2) h[c] + nadph[c] <==> glu1sa[c] + nadp[c] + trnaglu[c],0.0,1000,0.0,1000,
HETZK,4mhetz[c] + atp[c] <==> 4mpetz[c] + adp[c] + h[c],0.0,1000,0.0,1000,
HMBS,h2o[c] + (4) ppbng[c] <==> hmbil[c] + (4) nh4[c],0.0,1000,0.0,1000,
HMPK1,4ahmmp[c] + atp[c] <==> 4ampm[c] + adp[c] + (2) h[c],0.0,1000,0.0,1000,
IPDDI3x,f420-2[c] + (2) h[c] + ipdp[c] + nadh[c] <==> dmpp[c] + f420-2h2[c] + nad[c],0.0,1000,0.0,1000,
IPDDI3y,f420-2[c] + (2) h[c] + ipdp[c] + nadph[c] <==> dmpp[c] + f420-2h2[c] + nadp[c],0.0,1000,0.0,1000,
LCAD,h2o[c] + lald-L[c] + nad[c] <==> (2) h[c] + lac-L[c] + nadh[c],0.0,1000,0.0,1000,
LPFPLT,ddhrb[c] + lppg[c] <==> f420-0[c] + gmp[c] + h[c],0.0,1000,0.0,1000,
LPPGS,2plac-L[c] + gtp[c] + h[c] <==> lppg[c] + ppi[c],0.0,1000,0.0,1000,
MDHy,mal-L[c] + nadp[c] <==> h[c] + nadph[c] + oaa[c],-1000.0,1000,-1000.0,1000,
MTHFC,h2o[c] + methf[c] <==> 10fthf[c],-1000.0,1000,-1000.0,1000,
MTHFD2i,mlthf[c] + nad[c] <==> methf[c] + nadh[c] + h[c],0.0,1000,0.0,1000,
MTHFR2,h[c] + mlthf[c] + nadh[c] <==> 5mthf[c] + nad[c],0.0,1000,0.0,1000,
MTHFR3,h[c] + mlthf[c] + nadph[c] <==> 5mthf[c] + nadp[c],0.0,1000,0.0,1000,
NADDP,h2o[c] + nad[c] <==> amp[c] + (2) h[c] + nmn[c],0.0,1000,0.0,1000,
NADK,atp[c] + nad[c] <==> adp[c] + h[c] + nadp[c],0.0,1000,0.0,1000,
NAPRTr,nicrnt[c] + ppi[c] <==> h[c] + nac[c] + prpp[c],-1000.0,1000,-1000.0,1000,
NMNAT,atp[c] + h[c] + nmn[c] <==> nad[c] + ppi[c],-1000.0,1000,-1000.0,1000,
NN5HBPRT,nicrnt[c] + 5hbzid[c] <==> h[c] + nac[c] + 5pr5hbz[c],0.0,1000,0.0,1000,
NNAT,atp[c] + h[c] + nicrnt[c] <==> dnad[c] + ppi[c],0.0,1000,0.0,1000,
NNDPR,(2) h[c] + prpp[c] + quln[c] <==> co2[c] + nicrnt[c] + ppi[c],0.0,1000,0.0,1000,
NT5C,h2o[c] + nicrnt[c] <==> nicrns[c] + pi[c],0.0,1000,0.0,1000,
PHEMES,ddcdscl[c] + fe2[c] + (3) nad[c] <==> (2) ac[c] + (2) co2[c] + (3) nadh[c] + (4) h[c] + pheme[c],0.0,1000,0.0,1000,
PMDPHT,5aprbu[c] + h2o[c] <==> 4r5au[c] + pi[c],0.0,1000,0.0,1000,
PMPK,4ampm[c] + atp[c] <==> 2mahmp[c] + adp[c],0.0,1000,0.0,1000,
PPBNGS,(2) 5aop[c] <==> h[c] + (2) h2o[c] + ppbng[c],0.0,1000,0.0,1000,
PRE2DC,dscl[c] + (2) h[c] <==> (2) co2[c] + ddcdscl[c],0.0,1000,0.0,1000,
PTHPS,ahdt[c] <==> 6pthp[c] + pppi[c],0.0,1000,0.0,1000,
QULNS,dhap[c] + iasp[c] <==> (2) h2o[c] + pi[c] + quln[c]  + h[c],0.0,1000,0.0,1000,
RBFSa,4r5au[c] + db4p[c] <==> dmlz[c] + (2) h2o[c] + pi[c],-1000.0,1000,-1000.0,1000,
RBFSb,(2) dmlz[c] <==> 4r5au[c] + ribflv[c],0.0,1000,0.0,1000,
RZ5PP2,h2o[c] + 5pr5hbz[c] <==> pi[c] + r5hbzi[c],0.0,1000,0.0,1000,
SHCHCC,cobalt2[c] + dscl[c] <==> copre2[c] + (3) h[c],0.0,1000,0.0,1000,
SHCHD2,dscl[c] + nad[c] <==> nadh[c] + scl[c],0.0,1000,0.0,1000,
SHCHF,fe2[c] + scl[c] <==> (4) h[c] + sheme[c],0.0,1000,0.0,1000,
TDP,h2o[c] + thmpp[c] <==> h[c] + pi[c] + thmmp[c],0.0,1000,0.0,1000,
THRPD,h[c] + thrp[c] <==> applp[c] + co2[c],0.0,1000,0.0,1000,
THRPS,atp[c] + thr-L[c] <==> adp[c] + h[c] + thrp[c],0.0,1000,0.0,1000,
THZPSN,atp[c] + cys-L[c] + tyr-L[c] + dxyl5p[c] <==> 4mpetz[c] + ala-L[c] + amp[c] + co2[c] + h[c] + h2o[c] + ppi[c] + 4hba[c],0.0,1000,0.0,1000,
TMKr,atp[c] + thm[c] <==> adp[c] + h[c] + thmmp[c],0.0,1000,0.0,1000,
TMPKr,atp[c] + thmmp[c] <==> adp[c] + thmpp[c],0.0,1000,0.0,1000,
TMPPP,2mahmp[c] + 4mpetz[c] + h[c] <==> ppi[c] + thmmp[c],0.0,1000,0.0,1000,
UPP3MT,(2) amet[c] + uppg3[c] <==> (2) ahcys[c] + dscl[c] + h[c],0.0,1000,0.0,1000,
UPP3S,hmbil[c] <==> h2o[c] + uppg3[c],0.0,1000,0.0,1000,
carb_met,(1.27) glycogen[c] + (0.06) galactan[c] + (2.49) polyacgal[c] + (1.6) polyglcur[c] <==> carb_met[c],0.0,1000,0.0,1000,
dna_met,(0.58) datp[c] + (0.44) dctp[c] + (0.44) dgtp[c] + (0.59) dttp[c] <==> (2.05) ppi[c] + dna_met[c],0.0,1000,0.0,1000,
lipid_met,(0.005) dpgpg[c] + (0.214) 3hdpgpg[c] + (0.027) dpgpi[c] + (0.287) 3hdpgpi[c] + (0.005) dpgpe[c] + (0.057) 3hdpgpe[c] + (0.011) dpgps[c] + (0.244) 3hdpgps[c] + (0.148) gdpgpi[c] <==> lipid_met[c],0.0,1000,0.0,1000,
overall,(0.63) protein_met[c] + (0.24) rna_met[c] + (0.04) dna_met[c] + (0.05) lipid_met[c] + (0.04) trace_met[c] + (0.01) carb_met[c] + (65) h2o[c] + (65) atp[c] <==> biomass[c] + (65) h[c] + (65) adp[c] + (65) pi[c],0.0,1000,0.0,1000,
protein_met,(0.4) arg-L[c] + (0.85) leu-L[c] + (0.62) ser-L[c] + (0.62) ala-L[c] + (0.65) gly[c] + (0.36) pro-L[c] + (0.49) thr-L[c] + (0.62) val-L[c] + (0.66) ile-L[c] + (0.4) asn-L[c] + (0.48) asp-L[c] + (0.11) cys-L[c] + (0.23) gln-L[c] + (0.71) glu-L[c] + (0.15) his-L[c] + (0.59) lys-L[c] + (0.4) phe-L[c] + (0.33) tyr-L[c] + (0.21) met-L[c] + (0.09) trp-L[c] <==> protein_met[c],0.0,1000,0.0,1000,
rna_met,(0.48) atp[c] + (0.42) ctp[c] + (0.5) gtp[c] + (0.6) utp[c] <==> (2) ppi[c] + rna_met[c],0.0,1000,0.0,1000,
trace_met,(0.243) ptrc[c] + (0.044) hspmd[c] + (0.0009) accoa[c] + (0.00006) coa[c] + (0.0204) nad[c] + (0.00093) nadh[c] + (0.00093) nadp[c] + (0.00371) nadph[c] + (0.00003) succoa[c] + (0.00929) amp[c] + (0.191) com[c] + (0.00037) f420-2[c] + (0.00028) f420-3[c] + (0.00371) f420-4[c] + (0.00279) f420-5[c] + (0.00009) f420-6[c] + (0.00001) f420-7[c] + (0.219) h4spt[c] + (0.044) adocblhbi[c] + (0.019) f430[c] + (0.00464) cob[c] + (0.00093) thf[c] + (0.00005) f390a[c] + (0.00005) f390g[c] + (0.191) mfr_b[c] <==> trace_met[c],0.0,1000,0.0,1000,
EX_4abz[e],4abz[e] <==> ,0.0,1000,0.0,1000,
EX_4hphac[e],4hphac[e] <==> ,0.0,1000,0.0,1000,
EX_ac[e],ac[e] <==> ,-10.0,-10,0.0,1000,
EX_actn-R[e],actn-R[e] <==> ,0.0,1000,0.0,1000,
EX_alac-S[e],alac-S[e] <==> ,0.0,1000,0.0,1000,
EX_ala-L[e],ala-L[e] <==> ,0.0,1000,0.0,1000,
EX_biomass,biomass[c] <==> ,0.0,1000,0.0,1000,
EX_btn,btn[e] <==> ,0.0,1000,0.0,1000,
EX_calcium,ca2[e] <==> ,-1000.0,1000,-1000.0,1000,
EX_cbi[e],cbi[e] <==> ,0.0,1000,0.0,1000,
EX_cbl1[e],cbl1[e] <==> ,-1000.0,1000,-1000.0,1000,
EX_cbl1hbi[e],cbl1hbi[e] <==> ,0.0,1000,0.0,1000,
EX_cd2,cd2[e] <==> ,-1000.0,1000,-1000.0,1000,
EX_ch4s[e],ch4s[e] <==> ,0.0,1000,0.0,1000,
EX_ch4[e],ch4[e] <==> ,0.0,1000,-10.0,-10,
EX_cit[e],cit[e] <==> ,0.0,1000,0.0,1000,
EX_chloride,cl[e] <==> ,-1000.0,1000,-1000.0,1000,
EX_co2[e],co2[e] <==> ,0.0,1000,0.0,1000,
EX_co[e],co[e] <==> ,0.0,1000,0.0,1000,
EX_cobalt,cobalt2[e] <==> ,-1000.0,1000,-1000.0,1000,
EX_copper,cu2[e] <==> ,-1000.0,1000,-1000.0,1000,
EX_cys-L[e],cys-L[e] <==> ,0.0,1000,0.0,1000,
EX_dma[e],dma[e] <==> ,0.0,1000,0.0,1000,
EX_dms[e],dms[e] <==> ,0.0,1000,0.0,1000,
EX_etha[e],etha[e] <==> ,0.0,1000,0.0,1000,
EX_fe2[e],fe2[e] <==> ,-1000.0,1000,-1000.0,1000,
EX_fe3[e],fe3[e] <==> ,0.0,1000,0.0,1000,
EX_fol[e],fol[e] <==> ,0.0,1000,0.0,1000,
EX_for[e],for[e] <==> ,0.0,1000,0.0,1000,
EX_gcald[e],gcald[e] <==> ,0.0,1000,0.0,1000,
EX_glcn[e],glcn[e] <==> ,0.0,1000,0.0,1000,
EX_glu-L[e],glu-L[e] <==> ,0.0,1000,0.0,1000,
EX_gly[e],gly[e] <==> ,0.0,1000,0.0,1000,
EX_glyb[e],glyb[e] <==> ,0.0,1000,0.0,1000,
EX_h,h[e] <==> ,-1000.0,1000,-1000.0,1000,
EX_h2[e],h2[e] <==> ,0.0,1000,0.0,1000,
EX_h2o[e],h2o[e] <==> ,-1000.0,1000,-1000.0,1000,
EX_h2s[e],h2s[e] <==> ,-1000.0,1000,-1000.0,1000,
EX_ile-L[e],ile-L[e] <==> ,0.0,1000,0.0,1000,
EX_ind3ac[e],ind3ac[e] <==> ,0.0,1000,0.0,1000,
EX_k,k[e] <==> ,-1000.0,1000,-1000.0,1000,
EX_leu-L[e],leu-L[e] <==> ,0.0,1000,0.0,1000,
EX_lys-L[e],lys-L[e] <==> ,0.0,1000,0.0,1000,
EX_meoh[e],meoh[e] <==> ,0.0,1000,0.0,1000,
EX_mg,mg2[e] <==> ,-1000.0,1000,-1000.0,1000,
EX_mma[e],mma[e] <==> ,0.0,1000,0.0,1000,
EX_mn2[e],mn2[e] <==> ,-1000.0,1000,-1000.0,1000,
EX_mobd[e],mobd[e] <==> ,-1000.0,1000,-1000.0,1000,
EX_n2[e],n2[e] <==> ,-1000.0,1000,-1000.0,1000,
EX_na,na1[e] <==> ,0.0,1000,0.0,1000,
EX_nac[e],nac[e] <==> ,0.0,1000,0.0,1000,
EX_nh4[e],nh4[e] <==> ,-1000.0,1000,-1000.0,1000,
EX_ni2[e],ni2[e] <==> ,-1000.0,1000,-1000.0,1000,
EX_pac[e],pac[e] <==> ,0.0,1000,0.0,1000,
EX_pi,pi[e] <==> ,-1000.0,1000,-1000.0,1000,
EX_pnto-R[e],pnto-R[e] <==> ,0.0,1000,0.0,1000,
EX_proline,pro-L[e] <==> ,0.0,1000,0.0,1000,
EX_pyr[e],pyr[e] <==> ,0.0,1000,0.0,1000,
EX_ribflv[e],ribflv[e] <==> ,0.0,1000,0.0,1000,
EX_so4,so4[e] <==> ,-1000.0,1000,-1000.0,1000,
EX_thm[e],thm[e] <==> ,0.0,1000,0.0,1000,
EX_tma[e],tma[e] <==> ,0.0,1000,0.0,1000,
EX_trp-L[e],trp-L[e] <==> ,0.0,1000,0.0,1000,
EX_unknown_cbl1deg[e],unknown_cbl1deg[e] <==> ,0.0,1000,0.0,1000,
EX_unknown_rbfdeg[e],unknown_rbfdeg[e] <==> ,0.0,1000,0.0,1000,
EX_val-L[e],val-L[e] <==> ,0.0,1000,0.0,1000,
EX_wo4[e],wo4[e] <==> ,-1000.0,1000,-1000.0,1000,
EX_Zn,zn2[e] <==> ,-1000.0,1000,-1000.0,1000,
EX_hco3,hco3[e] <==> ,0.0,1000,0.0,1000,
DM_btoh,btoh[c] <==> ,0.0,0,0.0,1000,
DM_ibtol,ibtol[c] <==> ,0.0,0,0.0,1000,
DM_etoh,etoh[c] <==> ,0.0,0,0.0,1000,
EX_ppa,ppa[c] <==> ,0.0,0,0.0,1000,
EX_ibtyr,ibtyr[c] <==> ,0.0,0,0.0,1000,
EX_btyr,btyr[c] <==> ,0.0,0,0.0,1000,
EX_EAE,eae[c] <==> ,0.0,0,0.0,1000,
HCO3T,hco3[c] <==> hco3[e],-1000.0,1000,-1000.0,1000,
CMTA,h4spt[c] + mcom[c] <==> com[c] + mh4spt[c],0.0,0,0.0,1000,
ANMEMCR,ch4[c] + hsfd[c] <==> mcom[c] + cob[c],0.0,0,0.0,1000,
HDRS,(2) cob[c] + (2) com[c] + (2) fdox[c] + mphen[c] <==> (2) hsfd[c] + (2) fdred[c] + mphenh2[c] + (2) h[c],0.0,0,0.0,1000,
SP_BTOH,(2) accoa[c] + (4) h[c] + (4) nadph[c] <==> btoh[c] + h2o[c] + (2) coa[c] + (4) nadp[c],0.0,0,0.0,1000,
SP_IBTOH1,3mob[c] + h[c] <==> ibtal[c] + co2[c],0.0,0,0.0,1000,
SP_IBTOH2,ibtal[c] + nadph[c] + h[c] <==> ibtol[c] + nadp[c],0.0,0,0.0,1000,
SP_ETOH,accoa[c] + (2) h[c] + (2) nadh <==> etoh[c] + coa[c] + (2) nad[c],0.0,0,0.0,1000,
IBCOAL,ibcoa[c] + adp[c] + pi[c] <==> ibtyr[c] + atp[c] + coa[c],0.0,0,0.0,1000,
BTYR,(2) accoa[c] + (2) nadph[c] + (2) h[c] + adp[c] + pi[c] <==> btyr[c] + h2o[c] + (2) coa[c] + (2) nadp[c] + atp[c],0.0,0,0.0,1000,
HDRDE_rev,(1) cob[c] + (1) com[c] + (1) mphen[c] <==> (1) hsfd[c] + (1) mphenh2[c],0.0,0,0.0,1000,
RNF_rev,(2) mphenh2[c] + (2) fdox[c] + (0) h[c] <==> (2) mphen[c] + (2) fdred[c] + eae[c] + (2) h[e],0.0,0,0.0,1000,
ETR_MPR,mphenh2[c] + (x) h[c] <==> mphen[c] + eae[c] + (y) h[e],0.0,0,0.0,1000,(x=0 and y=2) for ferric; (x=0 and y=0) for nitrate and sulfate; (x=2 and y=0) for mno2
HYP_HYD1,com[c] + cob[c] <==> hsfd[c] + h2[c],0.0,0,0.0,0,this reaction should be on only when testing the possibility of hydrogen as the electron acceptor in the system
HYP_HYD2,f420-2h2[c] <==> f420-2[c] + h2[c] + h[c],0.0,0,0.0,0,this reaction should be on only when testing the possibility of hydrogen as the electron acceptor in the system
ETR_H2,h2[c] + (x) h[c] <==> eae[c] + (y) h[e],0.0,0,0.0,0,(x=0 and y=2) for ferric; (x=0 and y=0) for nitrate and sulfate; (x=2 and y=0) for mno2 - this reaction should be on only when testing the possibility of hydrogen as the electron acceptor in the system
